Location,Founders,Rounds,Categories,Employees,Investors,Founded,Legal Name,Rank,Name,Description,Valuation,Slogan
Shanghai,Yongchang geng & Gary Ge,"{'2011': '$10M', '2014': '$20M', '2015': 'Undisclosed'}","['E-Commerce', 'Unicorn']",100-500,"Qi Ming Venture, Rakuten, SIG China, & Steamboat Ventures",2006,China Zhongyan Holdings,136.0,Fanli,Fanli is a Chinese e-commerce site with a focus on loyalty programs and rebates.,1.0,
"Washington, DC","Jerome Armstrong, Markos Moulitsas, & Tyler Bleszinski","{'2008': 'Undisclosed', '2009': '$13M', '2010': '$10.5M', '2013': '$37.6M', '2014': '$46M', '2015': '$200M'}","['News', 'Sports', 'Gaming', 'Media', 'Unicorn']",100-500,"Accel, Khosla, General Atlantic, Comcast Ventures, Allen & Co., NBC Universal, Jeff Weiner, Ted Leonsis, Comcast Interactive, Dan Rosensweig, & Brent Jones",2003,Vox Media Inc.,169.0,Vox Media,"Grown from a single blog, Vox now runs several sites popular with the valuable 18-34 age set. Vox uses its own content management and analytic systems.",1.0,
Shanghai,Ping An Insurance Company,"{'2014': 'Undisclosed', '2015': '$485M'}","['FinTech', 'Marketplace', 'Unicorn']",100-500,"Morgan Stanley, CDH, Ping An, BlackPine, & China Int'l Capital",2011,Shanghai Lujiazui International Financial Asset Exchange Co.,12.0,Lufax,"One of China's largest P2P lenders, Lufax has the support of a major insurance company and targets small business and consumer borrowers.",10.0,
"New York, NY","Cyrus Massoumi, Oliver Kharraz, & Nick Ganju","{'2008': '$5M', '2009': '$900K', '2010': '$15M', '2011': '$75M', '2015': '$130M'}","['Health', 'Marketplace', 'Unicorn']",500-1k,"Khosla, Founders Fund, SV Angel, DST, Goldman Sachs, Baillie Gifford, GSV, Kindred Partners, Bezos Expeditions, Jeff Bezos, Atomico, Marc Benioff, Jason Finger, & Vast Ventures",2007,"ZocDoc, Inc.",70.0,ZocDoc,"A marketplace for doctors, with reviews, bookings, and insurance filters.",1.8,Find a Doctor
"Mountain View, CA",Linda Avey & Anne Wojcicki,"{'2007': '$9M', '2009': '$12.6M', '2010': '$22M', '2011': '$9M', '2012': '$57.9M', '2014': '$1.4M', '2015': '$115M'}","['Biotech', 'Unicorn']",100-500,"New Enterprise Associates, GV, Fidelity, Mohr Davidow, Google, Yuri Milner, JJDC, Sergey Brin, Casdin Capital, MPM Capital, Illumina, WuXi Healthcare Ventures, Anne Wojcicki, Genentech, NIH, Eric Lederman, Stephens Investment, & Xfund",2006,"23andMe, Inc.",122.0,23andMe,Submit a genetic sample and 23andMe reports your likely ancestry. The company has offered diagnostics in the past and hopes to return to genetic screening and therapy soon.,1.0,DNA Genetic Testing & Analysis
Salt Lake City,"Fritz Onion, Aaron Skonnard, & Keith Sparkjoy","{'2013': '$27.5M', '2014': '$135M'}","['Education', 'Software Development', 'Unicorn']",500-1k,"Insight Venture, Iconiq Capital, Felicis Ventures, & Sorenson Capital",2004,Pluralsight LLC,154.0,Pluralsight,"Pluralsight offers video-driven online technical courses for IT, charging students a monthly fee for access to its content.",1.0,"Unlimited, online training"
Singapore,Anthony Tan & Tan Hooi Ling,"{'2014': 'Undisclosed', '2015': '$350M'}","['Cars', 'Mobile', 'Unicorn']",501 - 1k,"Tiger Global, SoftBank, GGV Capital, Coatue, Hillhouse, Vertex Venture, Qunar, 500 Startups, & CIC",1994,GrabTaxi Holdings Pte.,76.0,GrabTaxi,"Southeast Asia's top taxi booking App, GrabTaxi works with local laws to let users request taxis from any service.",1.5,
"San Francisco, CA","Kevin Hartz, Julia Hartz, & Renaud Visage","{'2006': '$200K', '2008': '$2.8M', '2009': '$6.5M', '2010': '$20M', '2011': '$50M', '2013': '$60M', '2014': '$60M'}","['Tickets', 'Unicorn']",500-1k,"Sequoia Capital, Tiger Global, SV Angel, T. Rowe Price, DAG, Tenaya Capital, Kevin Hartz, Keith Rabois, David Sacks, 137 Ventures, European Founders Fund, Ron Conway, Michael Birch, Joe Greenstein, Saran Chari, Nir Eyal, Jawed Karim, Knightship, Ryan Gilbert, Jeff Clavier, & Peter Jackson",2006,"Eventbrite, Inc.",106.0,Eventbrite,"An early ticketing startup focused on smaller events, Eventbrite sells tickets and provides analytic insights for event producers.",1.0,Discover Great Events or Create Your Own
"Palo Alto, CA",Borge Hald & Amy Pressman,"{'2012': '$35M', '2013': '$20M', '2014': '$50M'}","['Customer Service', 'Unicorn']",500-1k,Sequoia Capital,2001,"Medallia, Inc.",99.0,Medallia,"Offering customer service as a service, Medallia handles customer complaints and feedback, presenting this data to clients and helping with customer retention.",1.2,The Customer Experience Management Company
Shanghai,Danian Chen,{'2015': '$50M'},"['Apps', 'Security', 'Mobile', 'Unicorn']",Unknown,Northern Light & Haitong Int'l,2012,"Shanghai Lian Shang Network Technology Co., Ltd.",,Wifi Skeleton Key,Wifi Skeleton Key allows uers to connect to Wi-Fi hotspots across China without a password or sign-in. It does this by crowdsourcing credentials and sharing them among users.,1.0,
"San Francisco, CA","James Burgess, Kevin Mahaffey, & John Hering","{'2009': '$6.5M', '2010': '$30.5M', '2011': '$40M', '2013': '$55M', '2014': '$150M'}","['Security', 'Mobile', 'Unicorn']",100-500,"Accel, Andreessen Horowitz, Greylock, Khosla, SV Angel, Index, Goldman Sachs, T. Rowe Price, Morgan Stanley, Kevin Hartz, Qualcomm Ventures, Mithril Capital, Chris Sacca, Deutsche Telekom, Lowercase, Bezos Expeditions, Millennium Tech, SharesPost, Joseph Ansanelli, Trilogy Equity, & Iris Capital",2007,"Lookout, Inc.",149.0,Lookout,"Lookout provides security for mobile, helping with stolen phones, blocking attacks, scanning for malicious code, and offering more features for enterprise.",1.0,Mobile Security
"Palo Alto, CA","Alexander Karp, Stephen Cohen, Peter Thiel, Joe Lonsdale, & Nathan Gettings","{'2005': '$1.2M', '2006': '$9.4M', '2008': '$36.8M', '2009': '$8.3M', '2010': '$90M', '2011': '$118M', '2012': '$56M', '2013': '$196.5M', '2014': '$444.2M', '2015': '$880M'}","['Big Data', 'Security', 'Analytics', 'Unicorn']",1k-5k,"Tiger Global, Founders Fund, GSV, ARTIS, Keith Rabois, Mithril Capital, Jeremy Stoppelman, In-Q-Tel, David Sacks, WTI, Glynn, 137 Ventures, Benjamin Ling, EquityZen, Gentry Venture Partners, Reed Elsevier Ventures, Ulu Ventures, Kortschak Investments, & Point 72",2004,"Palantir Technologies, Inc.",4.0,Palantir,"Palantir sells analytics software for integrating, visualizing, and analyzing information. It produces two product lines, for anti-terrorism and fraud detection.",20.0,
"San Francisco, CA",Tom Gonser,"{'2003': 'Undisclosed', '2004': '$4.6M', '2006': '$10M', '2007': '$12.4M', '2009': '$8M', '2010': '$29M', '2012': '$55.9M', '2013': '$3.4M', '2015': '$233M'}","['Productivity Software', 'Unicorn']",1k-5k,"Accel, KPCB, Bessemer, GV, Iconiq Capital, Salesforce Ventures, Intel Capital, Wellington Management, Comcast Ventures, Sapphire, Bain, Sands Ventures, Brookside, Ignition, Frazier Tech Ventures, Deutsche Telekom, ClearBridge, Founders Circle, Jerry Yang, Cross Creek, Recruit Holdings, BBVA, EquityZen, Scale Venture, Jared Leto, Sigma Partners, Visa, Dell Ventures, Generation, Sigma West, Wasatch Advisors, Bruce Chizen, Tony Hawk, National Association of Realtors, Alliance of Angels, WestRiver, Lew Coleman, Mitsui & Co., Telstra, Jim Crown, & John Batelle",2003,"DocuSign, Inc.",38.0,DocuSign,DocuSign simplifies document sharing and contract signing by charging those who send the documents and letting others sign them digitally for free from any device.,3.0,eSignature
"Hoboken, NJ","Marc Lore, Nate Faust, & Mike Hanrahan","{'2014': '$80M', '2015': '$490M'}","['E-Commerce', 'Unicorn']",100-500,"Accel, New Enterprise Associates, General Catalyst, GV, Fidelity, Goldman Sachs, Temasek Holdings, Alibaba, Norwest Venture, Silicon Valley Bank, Coatue, Bain, Thrive, WTI, MentorTech Ventures, Citi Ventures, David Spector, Forerunner, & Primary Venture",2014,"Jet.com, Inc.",,Jet,"Jet beats Amazon's prices by offering less variety and slower delivery, relying on suppliers for warehousing, and by advertising aggressively to its potentially huge market.",1.4,
"Waltham, MA",Ash Ashutosh,"{'2010': '$24M', '2011': '$33.5M', '2013': '$50M', '2014': '$100M'}","['Storage', 'Enterprise Software', 'Cloud', 'Unicorn']",100-500,"Andreessen Horowitz, Tiger Global, Greylock, TCV, North Bridge, ATV, 83North, & Greylock Israel",2009,Actifio Inc.,113.0,Actifio,Actifio's software simplifies copy data management by reducing redundant file storage. This lets it welcome storage innovations while reducing customers' need for them.,1.1,Radically Simple
"San Francisco, CA",Ross Mason,"{'2006': '$4M', '2007': '$12.5M', '2010': '$12M', '2012': '$15M', '2013': '$37M', '2014': '$50M', '2015': '$128M'}","['Software Development', 'Unicorn']",500-1k,"Lightspeed, New Enterprise Associates, Meritech Capital, Salesforce Ventures, Morgenthaler Ventures, HWVP, Sapphire, Sands Ventures, Brookside, Kindred Partners, Bay Partners, Salesforce, Adage Capital Management, Cisco, Canvas Venture, ServiceNow, & Capital Ventures",2006,MuleSoft Inc.,89.0,MuleSoft,"MuleSoft's Anypoint Platform connects software and APIs for smooth interoperability, allowing efficient software reuse and smooth interchange between systems.",1.5,
"San Francisco, CA","Sarah Leary, Prakash Janakiraman, Nirav Tolia, & David Wiesen","{'2012': '$18.6M', '2013': '$81.6M', '2015': '$110M'}","['Local', 'Social Media', 'Unicorn']",100-500,"Tiger Global, KPCB, Greylock, Benchmark, SV Angel, Insight Venture, GV, Redpoint, DAG, Comcast Ventures, Shasta, Allen & Co., Pinnacle Ventures, Slow Ventures, Bezos Expeditions, Dave Morin, Ackerman and Goodrich, & Duff",2010,Nextdoor.com Inc.,117.0,Nextdoor,"Nextdoor offers a social network organized by neighborhoods. Tech for local social media may prove valuable, but monetization is still in the works.",1.1,Free private social network for your neighborhood
"Norwalk, CT",Austin McChord,"{'2013': '$25M', '2015': '$75M'}","['Storage', 'Security', 'Cloud', 'Unicorn']",500-1k,General Catalyst & TCV,2007,"Datto, Inc.",,Datto,"Datto 's private cloud offers lower prices with better backup recovery. The firm originally focused on small and medium businesses, providing a turnkey solution for data.",1.0,Total Data Protection Platform
Bombay,Pranay Chulet & Jiby Thomas,"{'2010': '$6M', '2011': '$8M', '2012': '$32M', '2014': '$150M', '2015': '$150M'}","['Classifieds', 'Unicorn']",1k-5k,"Tiger Global, Matrix, Investment AB, Norwest Venture, eBay, Omidyar Network, Matrix India, Warburg Pincus, Steadview Capital, & Nokia Growth Partners",2008,Quikr,156.0,Quikr,"A Craigslist for India, Quikr claims 12 million listings with 30 million users across 1,000 cities in India. Revenues come from premium listings, lead generation, and advertising.",1.0,Free Classifieds India
"New York, NY","Joshua Kushner, Kevin Nazemi, & Mario Schlosser","{'2013': '$40M', '2014': '$110M', '2015': '$177.5M'}","['Insurance', 'Health', 'Unicorn']",100-500,"Khosla, Founders Fund, General Catalyst, Goldman Sachs, Google Capital, Formation 8, Peter Thiel, Thrive, BoxGroup, Li Ka-shing, Lakestar, Jim Breyer, Red Swan Ventures, Joe Lonsdale, Brian Singerman, & Stanley Druckenmiller",2013,Oscar Health Insurance Corp.,90.0,Oscar,"Moving in on new opportunities in US health insurance, Oscar focuses on customer experience in health insurance, giving unlimited telemedicine and free fitness trackers.",1.8,"Smart, simple health insurance"
"San Francisco, CA",Laks Srini & Parker Conrad,"{'2013': '$2.1M', '2014': '$81.5M', '2015': '$500M'}","['Human Resources', 'Unicorn']",1k-5k,"Andreessen Horowitz, Khosla, Founders Fund, SV Angel, General Catalyst, Fidelity, IVP, Venrock, Comcast Ventures, Y Combinator, TPG, Elad Gil, Aaron Levie, Yuri Milner, Benjamin Ling, Alexis Ohanian, Jared Leto, Maverick Capital, EPIC Ventures, Hydrazine, David Petersen, Adam Jackson, Garry Tan, Brad Gessler, Charlie Cheever, David Rusenko, Justin Kan, & Brendan Wallace",2013,"YourPeople, Inc.",25.0,Zenefits,"Zenefits is a different kind of insurance broker, providing a free software HR department to small and medium businesses. Revenue comes when employees sign up for a policy.",4.5,
"San Carlos, CA","Christopher Lindblad, Frank R. Caufield, & Paul Pedersen","{'2002': '$6M', '2004': '$12M', '2007': '$15M', '2009': '$12.5M', '2010': '$2.3M', '2013': '$25.7M'}","['Big Data', 'Software Development', 'Cloud', 'Unicorn']",500-1k,"Sequoia Capital, Wellington Management, Tenaya Capital, Northgate Capital, Lehman Brothers, Millennium Tech, Arrowpoint Partners, & Gary Bloom",2001,MarkLogic Corporation,150.0,MarkLogic,"MarkLogic provides NoSQL databases for enterprise, promising better flexibility, search, faster development, and better backup.",1.0,Enterprise NoSQL Database
Paris,"Frédéric Mazzella, Francis Nappez, & Nicolas Brusson","{'2009': '€600K', '2010': '€1.2M', '2012': '$10M', '2014': '$100M', '2015': '$200M'}","['Travel', 'Cars', 'Unicorn']",100-500,"Accel, Index, Insight Venture, blisce/, Alexandre Mars, ISAI, Vostok Ventures, Lead Edge Capital, & Cabiedes & Partners",2006,BlaBlaCar,,BlaBlaCar,"Leader in roadtrip carpooling, letting drivers sell empty seats for long drives. Users rate their chattiness from Bla to BlaBlaBla.",1.5,Trusted Ridesharing
"San Francisco, CA",Solomon Hykes,"{'2011': '$12.8M', '2014': '$55M', '2015': '$95M'}","['Software Development', 'Unicorn']",100-500,"Sequoia Capital, Greylock, Lightspeed, Benchmark, Insight Venture, Goldman Sachs, Coatue, Trinity Ventures, AME Cloud, Chris Sacca, Ron Conway, Jerry Yang, Northern Trust, Raymond Tonsing, Eric Urhane, Kenny Van Zant, Ash Patel, ACE & Co., Peter Fenton, Dan Scholnick, & Roger Dickey",2010,"Docker, Inc.",114.0,Docker,Docker's containers for software allow programs to run across hardware and network environments. Developers and sysadmins are its primary users.,1.0,"Build, Ship and Run Any App, Anywhere"
"Chicago, IL",Brad Keywell & Eric Lefkofsky,{'2015': '$45M'},"['Internet of Things', 'Big Data', 'Analytics', 'Unicorn']",100-500,"New Enterprise Associates, Shasta, Trinity Ventures, GreatPoint, Caterpillar Ventures, Groupon, & Lightbank",2014,"Uptake, LLC",,Uptake,Uptake develops infrastructure for the industrial Internet of Things. Its sensors and platform let Uptake offer analytics to optimize business.,1.1,Analytics for the Industrial Internet
"Cambridge, MA","Noubar Afeyan, Robert Langer, & Stephane Bancel","{'2012': '$40M', '2013': '$159.6M', '2014': '$25M', '2015': '$450M'}","['Pharmaceuticals', 'Biotech', 'Health', 'Unicorn']",100-500,"Wellington Management, Flagship Ventures, Alexion Pharmaceuticals, Viking Global, RA Capital, AstraZeneca, & Invus",2010,Moderna Therapeutics Inc.,42.0,Moderna,"Messenger RNA (mRNA) is ubiquitous in the human body, carrying signals that control biological processes in tissues and cells. Moderna is developing several mRNA drugs.",3.0,mRNA Therapeutics
"New York, NY",David A. Steinberg & John Sculley,"{'2012': '$70M', '2015': '$125M'}","['Big Data', 'Marketing', 'Advertising', 'Analytics', 'Unicorn']",500-1k,"Blackstone, Madison Capital, Franklin Square, GCP Capital Partners, & GSO Capital",2007,Zeta Interactive Corp.,172.0,Zeta Interactive,"Zeta Interactive analyzes sales information for marketing data, attracting new customers and retaining existing ones.",1.0,
London,Jose Neves,"{'2010': '$4.5M', '2012': '$18M', '2013': '$20M', '2014': '$66M', '2015': '$86M'}","['Fashion', 'Marketplace', 'E-Commerce', 'Unicorn']",500-1k,"Index, DST, Advent, e.ventures, Vitruvian Partners, Ceyuan, Condé Nast, Fabrice Grinda, Richard Chen, Advance Publications, Greycroft, Felix Capital, Partner Fund, Infinity Venture Partners, & Jose Marin",2008,Farfetch,137.0,Farfetch,"Farfetch is a digital mall of elite International boutiques, focusing on high-end brick and mortar shops.",1.0,Designer Luxury Fashion
"New York, NY","Neil Blumenthal, Andrew Hunt, David Gilboa, & Jeffrey Raider","{'2010': '$500K', '2011': '$13.5M', '2013': '$101.5M', '2015': '$100M'}","['Fashion', 'E-Commerce', 'Unicorn']",500-1k,"Tiger Global, SV Angel, General Catalyst, First Round, Felicis Ventures, Thrive, Menlo Ventures, Spark Capital, Lerer Hippeau Ventures, American Express, MentorTech Ventures, BoxGroup, Lerer Ventures, Jeff Fluhr, , Red Swan Ventures, Interplay Ventures, Millard Drexler, Scott Belsky, Forerunner, Grace Beauty, Consigliere Brand, Andrew Boszhardt, Jr., & Davis Smith",2010,Warby Parker,112.0,Warby Parker,This classy lifestyle brand offers vintage-inspired prescription eyeglasses at a low price by avoiding store expenses and licensing fees.,1.2,Online Eyeglasses & Sunglasses
Stockholm,"Sebastian Siemiatkowski, Victor Jacobsson, & Niklas Adalberth","{'2005': '$100K', '2007': '$2.2M', '2010': '$9M', '2011': '$155M', '2012': 'Undisclosed', '2014': '€90M', '2015': 'Undisclosed'}","['Payments', 'Unicorn']",1k-5k,"Sequoia Capital, DST, General Atlantic, IVP, Investment AB, QED Investors, Atomico, Panorama Point Partners, Lakestar, Jane Walerud, Niklas Adalberth, Victor Jacobsson, & Sebastian Siemiatkowski",2005,Klarna AB,51.0,Klarna,"Klarna simplifies checkout to an email address and zip code. Klarna pays the merchant, minus a fee, then collects payment from the buyer, which aids in fraud detection.",2.2,Making Buying and Selling Online Simple
"Emeryville, CA",Orion Hindawi & David Hindawi,"{'2010': '$800K', '2014': '$90M', '2015': '$211.5M'}","['Security', 'Analytics', 'Enterprise Software', 'Unicorn']",100-500,"Andreessen Horowitz, IVP, TPG, Geodesic, & Franklin Templeton",2007,Tanium,28.0,Tanium,"Tanium's approach to security is quick, easy-to-use monitoring of an organization's computers.",3.5,
"San Francisco, CA",Patrick Grady,"{'2004': '$42M', '2005': '$25M', '2006': '$32.5M', '2008': '$100M', '2009': '$40M', '2011': '$133M', '2013': '$82.5M', '2014': '$50M'}","['Enterprise Software', 'E-Commerce', 'Unicorn']",100-500,"Foundation Capital, JP Morgan, Oak Investment, American Express, Chase, Hony Capital, HGGC, Val Vaden, Barry Newman, Vinod Khosla, Burton McMurtry, PointGuard, One Equity Partners, Palo Alto Investors, & Empire",1999,"Deem, Inc.",94.0,Deem,"Deem operates a network for individual business transactions, such as travel and dining. Deem can also track spending, analyze transactions, and sell advantages to merchants.",1.4,We connect buyers and sellers
Oxford,Gordon Sanghera & Hagan Bayley,"{'2005': '£7.8M', '2006': '£10M', '2009': '£14M', '2010': '£17.4M', '2011': '£25M', '2012': '£31.4M', '2013': '£40M', '2014': '£35M', '2015': '£70M'}","['Nanotechnology', 'Biotech', 'Health', 'Unicorn']",100-500,"IP Group Plc, Lansdowne Partners, Illumina, Invesco Perpetual, Top Technology, Invesco, Woodford Investment, Odey Asset Management, & Odey Swan",2005,Oxford Nanopore Technologies,,Oxford Nanopore,"From Oxford University, the company has revolutionized DNA sequencing and molecular analysis. Portable devices that rapidly scan protein and DNA are within reach.",1.4,
"San Mateo, CA",Dave Stephens & Noah Eisner,"{'2007': '$1.5M', '2008': '$6M', '2009': '$7.5M', '2011': '$12M', '2012': '$22M', '2014': '$40M', '2015': '$80M'}","['Enterprise Software', 'Unicorn']",500-1k,"Battery, Iconiq Capital, Meritech Capital, T. Rowe Price, BlueRun, Mohr Davidow, Crosslink Capital, Northgate Capital, El Dorado, Kindred Partners, PremjiInvest, Rally Ventures, Barney Harford, Barney Pell, Associated Press, & Icon Ventures",2006,Coupa Software Inc,133.0,Coupa Software,"Coupa tracks employee spending and integrates online buys into a company's records. Coupa also offers purchase request, expense reporting, and vendor relationship monitoring tools.",1.0,savings-as-a-service
"San Francisco, CA",John Collison & Patrick Collison,"{'2010': 'Undisclosed', '2011': '$2M', '2012': '$38M', '2014': '$150M', '2015': 'Undisclosed'}","['Payments', 'Unicorn']",100-500,"Sequoia Capital, Andreessen Horowitz, KPCB, Khosla, Founders Fund, SV Angel, General Catalyst, Redpoint, Y Combinator, Allen & Co., Keith Rabois, Peter Thiel, Thrive, Elad Gil, American Express, Aaron Levie, Elon Musk, & Chris Dixon",2010,"Stripe, Inc.",24.0,Stripe,"A developer-friendly online payment system, making transactions easier across payment options.",5.0,
Berlin,"Kolja Hebenstreit, Niklas Östberg, Markus Fuhrmann, Nikita Fahrenholz, & Claude Ritter","{'2010': 'Undisclosed', '2011': '€15M', '2012': '€63.1M', '2013': '$30M', '2014': '$523M', '2015': '$742.3M'}","['Food & Beverages', 'Local', 'Unicorn']",500-1k,"Insight Venture, General Atlantic, Rocket Internet, Kite Ventures, Holtzbrinck Ventures, Point Nine, Phenomen Ventures, Tengelmann Ventures, Team Europe, Kreos Capital, Fabrice Grinda, Vostok Ventures, WestTech, Hasso Plattner Ventures, Target Global, Luxor Capital, Ru-net, German Startups Group, & Vostok Nafta",2011,Delivery Hero,35.0,Delivery Hero,"Focused on Europe, Latin America, Asia, and Australia, where delivery chains are uncommon, Delivery Hero provides a marketplace and delivery service for restaurants.",3.1,The Easiest Way to Your Favourite Food
Beijing,Melissa Yang & Luo Jun,"{'2012': '$15M', '2013': '$40M', '2014': '$100M'}","['Travel', 'Unicorn']",100-500,"GGV Capital, Qi Ming Venture, CDH, CBC, Lightspeed China, Ctrip, All-Stars Investment, HomeAway, China Renaissance, & The Ascott China",2011,Tujia.com International Co.,165.0,Tujia,"A Chinese Airbnb, Tujia focuses on quality control, employing its own staff to clean and inspect homes as well as maintain the accuracy of listings.",1.0,
"San Jose, CA","Dheeraj Pandey, Mohit Aron, & Ajeet Singh","{'2011': '$38.2M', '2012': '$33M', '2014': '$241M'}","['Storage', 'Enterprise Software', 'Cloud', 'Unicorn']",1k-5k,"Khosla, Lightspeed, Battery, Fidelity, Goldman Sachs, Sapphire, Morgan Stanley, Blumberg, Wellington Partners, Greenspring, Riverwood Capital, Bob Pasker, Anshu Sharma, & Accelerator Ventures",2009,Nutanix Inc,64.0,Nutanix,"Nutanix offers innovative storage for data centers, using techniques previously reserved for top players. Performance goes up while prices go down.",2.0,Making virtualization simple.
"New York, NY",Shane Smith & Suroosh Alvi,"{'2013': '$70M', '2014': '$500M', '2015': '$200M'}","['News', 'Media', 'Unicorn']",100-500,"TCV, 21st Century Fox, Disney Interactive, & A&E",2006,VICE Media LLC,27.0,Vice Media,Vice has established itself as a premier media outlet for everything from satire to serious journalism with an attitude and voice that command respect.,4.0,The Definitive Guide to Englightening Information
London,"Alex Tonelli, James Meekings, Andrew Mullinger, & Samir Desai","{'2010': '$1.1M', '2011': '$2.5M', '2012': '$16M', '2013': '$37M', '2014': '$65M', '2015': '$150M'}","['Lending', 'FinTech', 'Unicorn']",100-500,"Accel, Index, DST, Union Square Ventures, Temasek Holdings, Baillie Gifford, BlackRock, Sands Ventures, & Ribbit Capital",2010,Funding Circle Ltd.,138.0,Funding Circle,"An early player in P2P lending, the company connects small businesses borrowers with relatively small investors, offering good returns and good rates.",1.0,Business Financing
"American Fork, UT",Josh James,"{'2008': 'Undisclosed', '2010': '$700K', '2011': '$43M', '2012': '$20M', '2013': '$60M', '2014': '$125M'}","['Analytics', 'Enterprise Software', 'Unicorn']",500-1k,"Andreessen Horowitz, Greylock, Benchmark, Founders Fund, SV Angel, GGV Capital, Fidelity, IVP, T. Rowe Price, Salesforce Ventures, HWVP, BlackRock, Morgan Stanley, TPG, Pelion Venture Partners, Dragoneer, Glynn, Bezos Expeditions, Ron Conway, Jeff Bezos, Marc Benioff, Dan Rose, WPP, Ben Horowitz, David Lee, Sorenson Capital, Mercato Partners, Capital Group, Hiroshi Mikitani, John Thompson, Lars Dalgaard, Transmedia, Dave Duffield, Viking Venture, Workday, Mark Gorenberg, Fraser Bullock, BYU Cougar Capital, Paul Sagan, John Pestana, & Steven Singh",2010,"Domo, Inc.",59.0,Domo,"Domo automates business intelligence analytics and reporting, drawing data from hundreds of sources and presenting cuztomizable reports.",2.0,
Beijing,Nan Liu,{'2015': '$150M'},"['Home', 'Unicorn']",Unknown,Baidu,2011,Mia.com,,Mia.com,"With the relax of China's one child policy, Mia.com has grown from a Taobao shop to a Chinese top infant-care retailer, focusing on quality foreign goods.",1.0,
Beijing,Tao Zhang,"{'2016': '$3.3B', '2006': '$2M', '2007': '$25M', '2011': '$100M', '2012': '$64M', '2015': '$850M'}","['Payments', 'Local', 'Mobile', 'E-Commerce', 'Unicorn']",10k+,"Sequoia Capital, Lightspeed, DST, Temasek Holdings, Baillie Gifford, Qi Ming Venture, Tencent, Google, Capital Today, TBP Capital, FountainVest Partners, & Canada Pension Plan Investment Board",2015,China Internet Plus Holdings Ltd.,,China Internet Plus,"A recent merger of Meituan.com, a daily deals site, and Dianping, a Yelp-like app for local business, China Internet Plus is an alliance to strengthen both businesses.",15.0,
Berlin,Dominik Richter & Thomas Griesel,"{'2012': '$10M', '2013': '$7.5M', '2014': '$50M', '2015': '$211M'}","['Food & Beverages', 'Local', 'E-Commerce', 'Unicorn']",100-500,"Insight Venture, Baillie Gifford, Investment AB, Rocket Internet, Holtzbrinck Ventures, Phenomen Ventures, & Vorwerk Direct Selling Ventures",2011,HelloFresh Inc.,,HelloFresh,"HelloFresh delivers recipes and corresponding ingredients each week, making it easier to prepare nutritious and excellent food at home.",2.9,Order Your Delicious Food Box
"Palo Alto, CA","Gabriel Leydon, Halbert Nakagawa, & Michael Sherrill","{'2008': 'Undisclosed', '2011': '$5.3M', '2012': '$8M', '2015': '$75M'}","['Gaming', 'Mobile', 'Unicorn']",500-1k,"SV Angel, Y Combinator, Baseline, Menlo Ventures, Hercules Tech Growth, Anthos Capital, & Shervin Pishevar",2008,"Machine Zone, Inc.",36.0,Machine Zone,"Machine Zone makes free-to-play mobile massively multiplayer online games. The firm focuses on player hours, selling in-game items.",3.0,Leaders in FREE2PLAY MMOs
"Palo Alto, CA","Amr Awadallah, Christophe Bisciglia, & Mike Olson","{'2009': '$11M', '2010': '$25M', '2011': '$40M', '2012': '$65M', '2014': 'Undisclosed'}","['Analytics', 'Software Development', 'Cloud', 'Unicorn']",1k-5k,"Accel, Greylock, SV Angel, GV, Meritech Capital, T. Rowe Price, Intel Capital, DAG, In-Q-Tel, Glynn, Ignition, Vertex Venture, Jeff Weiner, EquityZen, MSD Capital, Diane Greene, Marten Mickos, Mårten Mickos, Qi Lu, Michael Dell, Gideon Yu, Caterina Fake, Youssri Helmy, & Intel Corporation",2008,Cloudera Inc.,93.0,Cloudera,"Cloudera helps companies with big data, selling software running on open-source Apache Hadoop. Cloudera recently announced Kudu, a Hadoop alternative.",4.1,
"Scottsdale, AZ",Mark Weiss,"{'2012': '$20M', '2013': '$75M', '2014': '$70M'}","['E-cigarettes', 'Unicorn']",50-100,"Morgan Stanley, Brookside, Sean Parker, Douglas Teitelbaum, Velos Partners, & Catterton Partners",2006,NJOY Inc.,,NJOY,"A pioneer in e-cigarettes, NJOY is a leading brand across form factors and distribution channels. The firm continues to focus on R&D and appropriate industry regulation.",1.0,
Seoul,Bom Kim,"{'2010': 'Undisclosed', '2011': '$18M', '2014': '$400M', '2015': '$1B'}","['E-Commerce', 'Unicorn']",500-1k,"Sequoia Capital, SoftBank, Wellington Management, BlackRock, Founder Collective, Greenoaks, Rose Park Advisors, Cross Creek, Panorama Point Partners, Illuminate, LaunchTime, Brad Kotansky, & Altos",2010,"Forward Ventures Co., Ltd.",20.0,Coupang,"The Amazon of South Korea makes most of its deliveries in hours, mostly to mobile customers, and is legally blocked from storing credit card information.",5.0,Color your days
"Atlanta, GA","Rob Frohwein, Marc Gorlin, & Kathryn Petralia","{'2010': '$4.7M', '2011': '$35.7M', '2012': '$30M', '2013': '$75M', '2014': '$320M', '2015': '$135M'}","['Lending', 'FinTech', 'Unicorn']",100-500,"SV Angel, SoftBank, BlueRun, Mohr Davidow, UPS Strategic, WTI, Victory Park, Thomvest, David Bonderman, Warren Stephens, Reverence Capital, ING, Scotiabank, Lumia, Jim McKelvey, Recruit Strategic, TCW, Yuan Capital, Peter Thorp, & Santander Innoventures",2009,"Kabbage, Inc.",,Kabbage,"Another P2P lending company operating outside of banks, Kabbage provides small loans quickly to e-commerce merchants by automatically analyzing the digital records of the business.",1.0,Online Small Business Loans
Beijing,Jin Zan,"{'2013': '$10M', '2014': '$20M', '2015': '$100M'}","['Home', 'Social Media', 'E-Commerce', 'Unicorn']",100-500,"Matrix, Vipshop, Greenwoods, Morningside Private, & K2 Ventures",2012,"Shenzhen Lamabang Technology Co., Ltd.",148.0,Lamabang,"Primarily a, ad-supported forum for mothers to share tips on parenting and homemaking, Lamabang also operates a mall selling imported maternity products.",1.0,
"Chicago, IL","Paul Zhang, John Sun, Albert Goldstein, & Al Goldstein","{'2013': '$54M', '2014': '$950M', '2015': '$725M'}","['Big Data', 'Lending', 'Unicorn']",500-1k,"Tiger Global, DFJ, General Atlantic, JP Morgan, QED Investors, RRE Ventures, August Capital, Peter Thiel, KKR, Victory Park, Balyasny, Jefferies Group, Jefferies & Co., & Mark Friedgan",2012,"Avant, Inc.",,Avant,"Like other P2P lenders, Avant offers loans outside the banking system, automating qualification calculation. Avant targets subprime borrowers and holds many loans with its own credit.",2.0,Online Loans
Singapore,Forrest Li,"{'2008': '$2M', '2014': 'Undisclosed'}","['Gaming', 'Social Media', 'Unicorn']",500-1k,General Atlantic & Toivo Annus,2009,Garen Online Pvt. Ltd.,49.0,Garena,"Originally a mobile game developer, Garena now offers voice and video communications, a mobile social network, and a payment system for users without bank accounts.",2.5,connecting the dots
"Boston, MA",Unknown,"{'2003': '$43M', '2004': '$50M', '2007': '$50M', '2010': '$28.5M', '2012': '$255.8M', '2014': '$200M', '2015': '$225M'}","['Pharmaceuticals', 'Biotech', 'Health', 'Unicorn']",100-500,"New Enterprise Associates, GGV Capital, Venrock, New Leaf Venture Partners, Industry Ventures, Adams Street, RA Capital, Alta Partners, Quadrille Capital, Omega Funds, Foresite, Marker, Fred Alger Mgmt, Farallon Capital, & Quilvest Ventures",1997,"Intarcia Therapeutics, Inc.",18.0,Intarcia Therapeutics,Intarcia is a bio-engineering firm offering an abdominal implant that releases diabetes medicine automatically for up to a year.,5.5,
Seoul,Sanghyuk Lee,"{'2014': '$100M', '2015': '$47M'}","['Travel', 'Advertising', 'Mobile', 'E-Commerce', 'Unicorn']",1k-5k,Formation 8,2014,Yello Mobile,171.0,Yello Mobile,"A mobile media company with over 70 subsidiaries produces mobile apps of all kinds, aiming for strength in unity. The group does not work on messaging or gaming.",1.0,Collaboration is the new sexy
Bombay,Bhavish Aggarwal & Ankit Bhati,"{'2011': '$300K', '2012': '$5M', '2013': '$20M', '2014': '$252M', '2015': '$900M'}","['Cars', 'Marketplace', 'Mobile', 'Unicorn']",1k-5k,"Sequoia Capital, Accel, Tiger Global, SoftBank, DST, Matrix, Baillie Gifford, GIC, Matrix India, Steadview Capital, ABG, Didi Chuxing, Singapore, Ratan Tata, Falcon Edge, Rehan yar Khan, Anupam Mittal, Mauritius Investments, & Kunal Bahl",2011,ANI Technologies Pvt Ltd,21.0,Olacabs,Connects riders with drivers of taxis and autorickshaws throughout India. Now defending against Uber.,5.0,India's smartest cab service
Shenzhen,Frank Wang,"{'2014': '$30M', '2015': '$75M'}","['Drones', 'Unicorn']",100-500,Sequoia Capital & Accel,2006,"Da-Jiang Innovations Science and Technology Co., Ltd.",16.0,DJI,"DJI is king of high-end drone technology, including flight control systems, photography platforms, gimbal systems, video transmission, and remote controls.",8.0,The future of possible
Beijing,Uber,{'2015': '$1.2B'},"['Cars', 'Marketplace', 'Mobile', 'Unicorn']",100-500,"Baidu, CITIC, China Life Insurance, HNA, China Taiping Insurance, & Guangzhou Auto",2015,Uber China,,UberChina,"Uber established a separate Chinese entity to win local favor and reach the Chinese market. In this move, the new company has raised over a billion dollars in under a year.",7.0,
"San Francisco, CA","Mike Li, Holly Liu, Wayne Chan, & Kevin Chou","{'2009': '$5.5M', '2011': '$115M', '2014': '$120M', '2007': '$4M'}","['Gaming', 'Social Media', 'Unicorn']",500-1k,"GV, Redpoint, Intel Capital, Alibaba, Canaan, Pinnacle Ventures, Founders Circle, SharesPost, Betfair, SK Telecom Ventures, & Performance",2006,Kabam Inc,145.0,Kabam,Kabam's free-to-play  games make revenues through in-game purchases. Kabam focuses on mobile gaming and movie licensed games.,1.0,Play free online stratey games
Beijing,Nian Chen,"{'2010': '$140M', '2011': '$230M', '2013': '$100M', '2014': '$100M', '2007': '$2M'}","['E-Commerce', 'Unicorn']",100-500,"Tiger Global, Temasek Holdings, Qi Ming Venture, IDG Capital, SAIF Partners, CITIC, Ceyuan, NewMargin Ventures, Lei Jun, & Hotung",2007,VANCL Chengpin Beijing Technology Co Ltd,44.0,Vancl,"At its peak in 2011, the company now focuses on its core brand, targeting low and middle income young adults. Customers try on clothes at delivery.",3.0,
"New York, NY",Ragy Thomas,"{'2012': '$5M', '2013': '$32.5M', '2014': '$40M', '2015': '$46M'}","['Marketing', 'Advertising', 'Social Media', 'Analytics', 'Unicorn']",500-1k,"Battery, Iconiq Capital, Intel Capital, & Azure",2009,Sprinklr Inc.,111.0,Sprinklr,"A software company for social media marketing, Sprinklr helps brands control how they're being discussed on social networks.",1.2,Turn it on
Hangzhou,Qi Chen,"{'2011': '$2M', '2012': 'Undisclosed', '2014': '$200M', '2015': '$200M'}","['Fashion', 'E-Commerce', 'Unicorn']",100-500,"Qi Ming Venture, IDG Capital, Hillhouse, Banyan, Bertelsmann Asia, Ping An Ventures, Ping An, TBP Capital, HOPU, TrustBridge, Banyan Mezzanine, Hopu Fund, & Zhixin Capital",2011,Mogujie.com,71.0,Mogujie,"Originally a female fashion-oriented Chinese Pinterest relying on referral fees, Mogujie now includes an extensive marketplace. ",1.0,
"Redwood City, CA",Joseph M. DeSimone,"{'2013': '$11M', '2015': '$130M'}","['3D printing', 'Hardware', 'Analytics', 'Unicorn']",100-500,"Sequoia Capital, GV, Northgate Capital, Silver Lake Partners, Yuri Milner, Reinet Investments, Silver Lake Kraftwerk, Spark Investment, Wakefield Group, FIS, & Piedmont Investment",2013,"Carbon3D, Inc.",,Carbon3D,"This 3D printing company produces polymer parts for high end use, promising printing 100 times faster than ever seen before.",1.0,
Moscow,Jonas Nordlander & Filip Engelbert,"{'2015': '$1.2B', '2013': '$50M', '2012': '$75M', '2014': '$17M'}","['Classifieds', 'Unicorn']",100-500,"Accel, Investment AB, Naspers, Northzone, Vostok Ventures, & Baring Vostok",2007,Avito,68.0,Avito,"A Craigslist for Russia, The format prospers there because populations are concentrated in cities and retail offerings are sparse. Profits come from registered sellers.",1.2,
"New York, NY",Brian O'Kelley & Mike Nolet,"{'2007': '$2.5M', '2008': '$8M', '2009': '$5M', '2010': '$50M', '2013': '$75M', '2014': '110M', '2015': '$62.7M'}","['Marketing', 'Advertising', 'Enterprise Software', 'Unicorn']",1k-5k,"Khosla, SV Angel, First Round, Venrock, TCV, Deutsche Telekom, Kodiak Venture Partners, Ron Conway, Microsoft Ventures, Marc Andreessen, WPP, Ben Horowitz, Microsoft, Tribeca Venture, & Coriolis Ventures",2007,AppNexus Inc.,74.0,AppNexus,"An adtech company, AppNexus's main offering is a real-time ad exhange, letting buyers bid on digital ads from a wide range of sellers.",1.2,
Shanghai,Eric Yang & Ming Yang,"{'2012': '$15M', '2014': '$100M', '2015': '$200M'}","['Education', 'Unicorn']",50-100,"Goldman Sachs, Temasek Holdings, Alibaba, Qi Ming Venture, GIC, Singapore, RCIF, Silverlink Capital, CyberAgent, SBI Holdings, & Cyber Agent Investment",2004,TutorGroup,,Tutor Group,"The largest English learning institution in the world, Tutor Group's education software offers real-time interactive learning with self-optimizing classroom management.",1.0,
"San Francisco, CA","Joshua Reeves, Tomer London, & Edward Kim","{'2012': '$6.1M', '2014': '$20M', '2015': '$110M'}","['Human Resources', 'Unicorn']",100-500,"KPCB, General Catalyst, GV, Salesforce Ventures, Google Capital, Y Combinator, Altimeter Capital, Jeremy Stoppelman, David Sacks, Ribbit Capital, Glynn, Elad Gil, Aaron Levie, Data Collective, Sherpalo, Benjamin Ling, AFSquare, Dan Rose, Emergence, Obvious Ventures, Bobby Yazdani, Joshua Schachter, Drew Houston, Paul Buchheit, Jawed Karim, Pejman Nozad, Lee Linden, Larry Augustin, Ram Shriram, Kris Duggan, Start Fund, Tien Tzuo, Mark Leslie, & Dropbox",2011,"ZenPayroll, Inc.",,Gusto,"Beginning with payroll software for small to medium sized businesses, Gusto has expanded to health benefits brokerage, providing digital HR.",1.0,"Delightful, modern payroll"
Berlin,"Christian Bertermann, Hakan Koç, & Christopher Muhr",{'2015': '$117.6M'},"['Cars', 'Marketplace', 'Unicorn']",1k-5k,"DST, DN Capital, & Piton Capital",2012,Auto1 Group,102.0,Auto1 Group,"A marketplac e for used cars, Auto1 buys from individuals and sells to dealerships.",1.2,
Prague,Pavel Baudiš and Eduard Kucera,"{'2010': '$100M', '2014': 'Undisclosed'}","['Security', 'Unicorn']",500-1k,Summit Partners & CVC Capital,1988,"Avast Software, s.r.o.",129.0,Avast Software,"A mainstay of its industry, Avast sells freemium anti-virus software for Windows, Android, and Mac.",1.0,
Delhi,Vijay Shekhar Sharma,"{'2008': '$25M', '2009': 'Undisclosed', '2011': '$10M', '2015': '$550M'}","['Marketing', 'Mobile', 'E-Commerce', 'Unicorn']",1k-5k,"Intel Capital, Silicon Valley Bank, Sapphire, SAIF Partners, & Ant Financial",2000,One97 Communications Ltd.,69.0,One97 Communications,"Originally a service to help users top up payments on  mobile plans, One97 offers payments by mobile. The struggle is that most Indians use cash and mobile Internet can be spotty.",2.0,
"Boston, MA","Matt Kalish, Paul Liberman, & Jason Robins","{'2012': '$1.4M', '2013': '$32.6M', '2014': '$41M', '2015': '$300M'}","['Sports', 'Gaming', 'Unicorn']",100-500,"GGV Capital, Redpoint, FirstMark Capital, Atlas Venture, The Raine Group, Accomplice, Jordan Mendell, BDS, 21st Century Fox, Kraft, MLB Ventures, Melo7, MLS, Boston Seed, Jason Robins, Disney, Fox Investments, & NHL",2011,DraftKings,105.0,DraftKings,"A fantasy sports site, DraftKings benefits from a 2006 US law banning most other forms of online gambling.",1.2,Daily Fantasy Sports for Cash
"San Francisco, CA",Matt Mullenweg,"{'2008': '$29.5M', '2014': '$160M', '2013': '$125M', '2006': '$1.1M'}","['Media', 'Enterprise Software', 'Unicorn']",100-500,"Tiger Global, Insight Venture, Iconiq Capital, Polaris Partners, Chris Sacca, True Ventures, Lowercase, Radar Partners, Blacksmith, Eniac, Endurance Int'l, Kevin Compton, NYT, Tiger Partners, CNET, Doug Mackenzie, Lee Fixel, & Shelby Bonnie",2005,Automattic Inc.,103.0,Automattic,"The company behind Wordpress, which now powers a fourth of the Internet, sells premium services to large scale publishers.",1.2,Making the Web a Better Place
"Santa Monica, CA","Brian Lee, Jessica Alba, Sean Kane, & Christopher Gavigan","{'2012': '$27M', '2013': '$25M', '2014': '$70M', '2015': '$100M'}","['Home', 'E-Commerce', 'Unicorn']",100-500,"Lightspeed, General Catalyst, Iconiq Capital, Fidelity, IVP, Wellington Management, ABG, Glade Brook, & Pritzker Group CV",2011,"The Honest Company, Inc.",72.0,The Honest Company,"A lifestyle brand targeting conscious consumers, particularly parents, the company's marketing relies on Jessica Alba and the promise of healthy,  responsible happiness.",1.7000000000000002,
"Mill Valley, CA",Robert Hohman & Tim Besse,"{'2008': '$9.5M', '2011': '$12M', '2012': '$20M', '2013': '$50M', '2015': '$70M'}","['Human Resources', 'Unicorn']",500-1k,"Tiger Global, Benchmark, Battery, DAG, Google Capital, Sutter Hill Ventures, & Dragoneer",2007,Glassdoor Inc.,,Glassdoor,"Glassdoor hosts vetted job reviews and salaries from employees, charging companies to post about themselves. It is also a job board and pushing toward further social media integration.",1.0,Get Hired. Love Your Job.
"Burbank, CA",Thomas Tull,"{'2011': '$40M', '2012': '$718M', '2014': '$250M'}","['Media', 'Unicorn']",100-500,"Accel, SoftBank, Peter Thiel, TomorrowVentures, Breyer, & Gordon Crawford",2004,"Legendary Entertainment, Inc.",41.0,Legendary Entertainment,"A vehicle for Wall Street investors into Hollywood, Legendary co-produced and co-financed a series of films with Warner Bros. and then Universal pictures.",3.0,
"San Francisco, CA","Jyoti Bansal, & Bhaskar Sunkara","{'2008': '$5.5M', '2010': '$11M', '2012': '$20M', '2013': '$50M', '2014': '$120M', '2015': '$158M'}","['Apps', 'Analytics', 'Software Development', 'Mobile', 'Unicorn']",500-1k,"KPCB, Greylock, Lightspeed, Battery, General Atlantic, IVP, Goldman Sachs, Silicon Valley Bank, Altimeter Capital, Sands Ventures, ClearBridge, Industry Ventures, Cross Creek, Adage Capital Management, & Sands",2008,"AppDynamics, Inc.",56.0,AppDynamics,AppDyanmics monitors and manages large-scale cloud-based apps for enterprise and government.,2.0,Application Performance Management
Berlin,Dr. Philipp Kreibohm,{'2015': '€117.3M'},"['Home', 'E-Commerce', 'Unicorn']",100-500,"Baillie Gifford, Rocket Internet, & Holtzbrinck Ventures",2009,Home24 AG,139.0,Home24,"A leading European online shop for home, lifestyle, and furniture. The company focuses on customer experience and includes recommendations from bloggers and others.",1.0,
"San Francisco, CA",Nicolas Desmarais & Daniel Saks,"{'2011': '$3.2M', '2012': '$8.5M', '2013': '$9M', '2014': '$35M', '2015': '$190M'}","['Apps', 'Enterprise Software', 'Software Development', 'Cloud', 'Unicorn']",100-500,"JP Morgan, iNovia Capital, Mithril Capital, StarVest Partners, Foundry Group, & Stingray Digital",2009,"AppDirect, Inc.",,AppDirect,AppDirect is an appstore selling cloud services to businesses.,1.0,
Beijing,Chan Sheng,"{'2012': 'Undisclosed', '2013': 'Undisclosed', '2014': '$50M', '2015': '$200M'}","['Messaging', 'Apps', 'Media', 'Unicorn']",Unknown,"Sequoia Capital, KPCB, Redpoint, Morningside Group, Sina Weibo, StarVC, YG Entertainment, Ren Quan, & Sina",2013,Yixia Inc.,,Miaopai,"Vine for China, Miaopai lets users create 10 second videos, then add effects and share the result.",1.0,
"San Francisco, CA","Matthew Prince, Michelle Zatlyn, & Lee Holloway","{'2009': '$2.1M', '2011': '$20M', '2013': '$50M', '2015': '$110M'}","['Security', 'Cloud', 'Unicorn']",100-500,"New Enterprise Associates, Fidelity, Union Square Ventures, Venrock, Google Capital, Qualcomm Ventures, Pelion Venture Partners, Baidu, Microsoft Ventures, Greenspring, & Microsoft Strategic",2009,CloudFlare Inc.,34.0,CloudFlare,"CloudFlare provides reverse proxies for websites to defend against cyberattacks.  It's servers, handle 5% of all Internet traffic, so it also sells higher data speeds.",1.0,The web performance & security company
"New York, NY","Dwight Merriman, Eliot Horowitz, & Kevin Ryan","{'2008': '$1.5M', '2009': '$3.4M', '2010': '$6.5M', '2011': '$20M', '2012': '$49.7M', '2013': '$150M'}","['Software Development', 'Cloud', 'Unicorn']",500-1k,"Sequoia Capital, New Enterprise Associates, Fidelity, Goldman Sachs, T. Rowe Price, Salesforce Ventures, Union Square Ventures, Intel Capital, Altimeter Capital, In-Q-Tel, Flybridge, Salesforce, Red Hat, & EMC",2007,"MongoDB, Inc.",78.0,MongoDB,"Specialized in an open source NoSQL database, MongoDB's revenues come from security, support, and training it sells to companies using MongoDB.",1.6,for giant Ideas
"San Francisco, CA","Evan Sharp, Ben Silbermann, & Paul Sciarra","{'2011': '$37M', '2012': '$100M', '2013': '$425M', '2014': '$200M', '2015': '$553M'}","['Social Media', 'Unicorn']",500-1k,"Andreessen Horowitz, Bessemer, SV Angel, Fidelity, Goldman Sachs, Wellington Management, FirstMark Capital, Kevin Hartz, Valiant Capital Partners, Jeremy Stoppelman, Elad Gil, blisce/, Slow Ventures, Alexandre Mars, Rakuten, Fidelity Ventures, Industry Ventures, Fritz Lanman, Michael Birch, Hank Vigil, Jack Abraham, Dave Morin, Voyager Capital, Innovation Department, Columbia Partners PC, Brian Cohen, New York Angels, Scott Belsky, Max Levchin, Othman Laraki, William Lohse, & Shana Fisher",2010,"Pinterest, Inc.",10.0,Pinterest,"A social visual bookmarking tool, people pin images on boards to save pictures of things things they like. Some pins include a buying opportunity, yielding Pinterest revenue.",11.0,Discover and Save Creative Ideas
"Brisbane, CA","Vic Zaud, Samir Arora, Fernando Ruarte, Ernie Cicogna, Dianna Mullins, & Raj Narayan","{'2004': '$1.1M', '2005': '$10M', '2006': '$18.5M', '2008': '$85M', '2009': '$10M', '2010': '$50M', '2013': '$25M', '2014': '$15M', '2015': '$30M'}","['Fashion', 'Media', 'Unicorn']",500-1k,"Accel, DFJ, DAG, Silicon Valley Bank, 137 Ventures, Hubert Burda Media, Walden Venture, Information Capital, , BDCA, Hercules Tech Growth, Aeris, Mizuho, & GLG Partners",2004,"Mode Media, Inc.",,Mode Media,"Mode runs its own advertising, publishing, and distribution for thousands of smaller publishers, presenting personalized content through Glam Media, Brash, and Foodie.",1.0,
"San Francisco, CA","Apoorva Mehta, Brandon Leonardo, & Max Mullen","{'2012': '$2.3M', '2013': '$8.5M', '2014': '$44M', '2015': '$220M'}","['Food & Beverages', 'Local', 'E-Commerce', 'Unicorn']",500-1k,"Sequoia Capital, Andreessen Horowitz, KPCB, Khosla, SV Angel, Comcast Ventures, Y Combinator, Canaan, Valiant Capital Partners, Thrive, Dragoneer, Aaron Levie, Paul Buchheit, American Express Ventures, Semil Shah, Sam Altman, FundersClub, Haroon Mokhtarzada, Haystack, & Instacart",2012,Instacart Inc.,61.0,Instacart,"Delivering groceries in hours, Instacart pays employees to shop at local grocery stores and deliver by car. Profits come from markups or fees to the shop.",2.0,Groceries Deliverer in an Hour
Beijing,Li Tao,"{'2014': '$16M', '2015': '$100M'}","['Apps', 'Software Development', 'Unicorn']",1-50,"Redpoint, Qi Ming Venture, Northern Light, Chengwei, SIG Ventures, & SIG Global",2014,Apus Group,128.0,Apus Group,"Centered around an Android app launcher, Chinese APUS now offers a range of apps targeted at markets outside China.",1.0,A Perfect User System
Shanghai,Jia Kang & Xuhao Zhang,"{'2011': 'Undisclosed', '2013': 'Undisclosed', '2014': '$80M', '2015': '$980M'}","['Food & Beverages', 'Local', 'Marketplace', 'Unicorn']",100-500,"Sequoia Capital, Matrix, Alibaba, Tencent, GSR Ventures, CITIC, JD Capital, Didi Chuxing, Matrix China, Hualian, Meituan-Dianping, & Dianping",2008,Ele.me Inc,,Ele.me,A Chinese food delivery service allowing users to order delivery from local restaurants. The total volume of food delivery in China is increasing by about 15% year over year.,3.0,Hungry?
"San Francisco, CA","Chris Wanstrath, PJ Hyett, & Tom Preston-Werner","{'2012': '$100M', '2015': '$250M'}","['Software Development', 'Unicorn']",100-500,"Sequoia Capital, Andreessen Horowitz, SV Angel, IVP, Thrive, & 1871",2008,"GitHub, Inc.",60.0,GitHub,"A Facebook for software developers, GitHub hosts software projects for open source collaboration. Its profits come from private uses of the GitHub platform.",2.0,Where software is built
"New York, NY","Ilia Papas, Matt Salzberg, & Matthew Wadiak","{'2012': '$900K', '2013': '$8M', '2014': '$50M'}","['Food & Beverages', 'Unicorn']",500-1k,"Bessemer, Fidelity, First Round, BoxGroup, Jason Finger, Stripes Group, Joseph N. Sanberg, David Tisch, Peak Opportunity Partners, Aspiration Growth, Alan Gould, Graph Ventures, James Moran, Eric Gould, Matt Wyndowe, & Nat Turner",2012,"Blue Apron, Inc.",58.0,Blue Apron,"Blue Apron delivers recipes and ingredients for nutritious, gourmet dinners for two. ",2.0,Discover a better way to cook
Hangzhou,Tian Ning,"{'2011': '$20M', '2015': '$200M'}","['Advertising', 'Unicorn']",Unknown,"JD Capital, NewMargin Ventures, & WI Harper",2004,Zhejiang Panshi Information Technology Co.,153.0,Panshi,"A Chinese internet advertising service provider targeting small and medium sized businesses, Panshi offers ad optimization, search marketing, email marketing, and analytics.",1.0,
London,Kristo Kaarmann & Taavet Hinrikus,"{'2011': '€100K', '2012': '$1.3M', '2013': '$6M', '2014': '$25M', '2015': '$58M'}","['Payments', 'FinTech', 'Unicorn']",100-500,"Andreessen Horowitz, SV Angel, Index, Peter Thiel, Seedcamp, Valar, IA Ventures, Kima Ventures, Richard Branson, Voyager Capital, Max Levchin, Robin Klein, Errol Damelin, Firestartr, Smartex, & Saul Klein",2010,TransferWise Ltd.,164.0,TransferWise,Transferwise handles international money orders with a lower commission and better exchange rate.,1.0,The clever new way to beat bank fees
Waterloo,Ted Livingston & Christopher Best,"{'2010': '$4.7M', '2011': '$8M', '2013': '$19.5M', '2014': '$38M', '2015': '$50M'}","['Messaging', 'Social Media', 'Mobile', 'Unicorn']",100-500,"SV Angel, Union Square Ventures, Foundation Capital, Tencent, RRE Ventures, Valiant Capital Partners, blisce/, Spark Capital, Alexandre Mars, Millennium Tech, & Laconia",2009,Kik Interactive Inc.,147.0,Kik,"Another mobile chat company, Kik offers chat without requiring a phone number and integrates music, video, and games into chat. It also monetizes with brand chat bots.",1.0,The customer is king
"New York, NY","Alexandra Wilkis Wilson, Kevin Ryan, Alexis Maybank, & Michael Bryzek","{'2009': '$43M', '2010': '$50M', '2011': 'Undisclosed', '2015': '$50M', '2007': '$5M'}","['Fashion', 'E-Commerce', 'Unicorn']",500-1k,"New Enterprise Associates, DFJ, SoftBank, General Atlantic, Goldman Sachs, Matrix, Norwest Venture, GSV, Pinnacle Ventures, Kindred Partners, TriplePoint, Vulcan, & Eastward",2007,Gilt Groupe,,Gilt Groupe,"A members-only shopping website offering designer labels at discount prices, Gilt buys inventory en masse, adds a margin, and passes along the savings.",1.0,Top designers up to 60% off
"San Mateo, CA",Kirk Krappe,"{'2013': '$37M', '2015': '$149M'}","['Sales', 'Marketing', 'Cloud', 'Unicorn']",1k-5k,"Iconiq Capital, Salesforce Ventures, Kuwait, K1, & Salesforce",2006,Apttus Corporation,,Apttus,"A Salesforce app developer, Apttus helps clients close deals and interface with Microsoft Office.",1.0,Quote-to-Cash
"Westborough, MA",Doron Kempel,"{'2012': '$43.5M', '2013': '$58M', '2015': '$175M'}","['Cloud', 'Unicorn']",500-1k,"Accel, KPCB, DFJ, Meritech Capital, CRV, Waypoint Capital, & Swisscom Ventures",2009,SimpliVity Corp.,162.0,SimpliVity,"Selling a hyperconverged all-in-one storage system for enterprise, SimpliVity promises improved capacity and performance.",1.0,Data center in a box.
"San Francisco, CA","John Zimmer, Matt Van Horn, Logan Green, & Marcus Cohn","{'2007': '$200K', '2010': '$1.2M', '2011': '$6M', '2013': '$75M', '2014': '$250M', '2015': '$927.7M'}","['Cars', 'Marketplace', 'Mobile', 'Unicorn']",1k-5k,"Andreessen Horowitz, Founders Fund, Alibaba, GSV, Coatue, K9, Floodgate, David Sacks, Rakuten, Benjamin Ling, Didi Chuxing, AFSquare, Mayfield Fund, Kingdom Holding, fbFund, Icahn Enterprises, Fortress Investment, Third Point, Carl Icahn, Altpoint, Aslanoba Capital, Collaborative Fund, & Fontinalis Partners",2012,Lyft Inc.,19.0,Lyft,"A successful car hailing app in the US, Lyft has become difficult to differentiate from the much larger Uber except for its receding commitment to a friendlier customer experience.",5.5,Your friend with a car
"San Francisco, CA","Brian Chesky, Joe Gebbia, & Nathan Blecharczyk","{'2009': '$600K', '2010': '$7.2M', '2011': '$112M', '2013': '$200M', '2014': '$475M', '2015': '$1.6B'}","['Travel', 'Marketplace', 'Unicorn']",1k-5k,"Sequoia Capital, Andreessen Horowitz, Tiger Global, Greylock, Founders Fund, SV Angel, General Catalyst, GGV Capital, DST, Fidelity, General Atlantic, T. Rowe Price, Baillie Gifford, FirstMark Capital, Y Combinator, TPG, Dragoneer, Hillhouse, Elad Gil, CrunchFund, Ashton Kutcher, China Broadband, & Eniac",2008,"Airbnb, Inc.",3.0,Airbnb,Airbnb’s online platform lets users rent unique accomodations from local hosts in 190+ countries.,25.5,Belong Anywhere
"Jacksonville, FL",Alan Trager & Mitch Trager,"{'2012': '$225M', '2013': '$170M', '2015': '$300M'}","['Sports', 'E-Commerce', 'Unicorn']",1k-5k,"Andreessen Horowitz, Insight Venture, Temasek Holdings, Alibaba, Silver Lake Partners, & BofA",1995,"Fanatics, Inc.",40.0,Fanatics,The top online retailer of officially licensed sports merchandise.,3.1,Your ultimate sports shop
"Mountain View, CA",Uri Raz & Eric Setton,"{'2010': '$9.2M', '2011': '$42M', '2012': '$38.1M', '2014': '$280M'}","['Messaging', 'Mobile', 'Unicorn']",100-500,"DFJ, Alibaba, Qualcomm Ventures, Bill Tai, Len Blavatnik, Alex Zubillaga, 14W, Access BridgeGap, Hambrecht Ventures, & Translink",2009,TangoMe Inc.,92.0,Tango,"Originally a service for video calls across smartphones, Tango now offers a rich messaging environment with video, music, and games available while you chat.",1.1,Be There.
Beijing,"Lin Bin, Li Wanqiang, Zhou Guangping, Huang Jiangji, Liu De, Hong Feng, Lei Jun, Chuan Wang, & Jiangji Wong","{'2010': '$41M', '2011': '$90M', '2012': '$216M', '2013': 'Undisclosed', '2014': '$1.1B'}","['Hardware', 'Mobile', 'Unicorn']",1k-5k,"Accel, DST, Temasek Holdings, Qi Ming Venture, Morningside Group, IDG Capital, Qualcomm Ventures, GIC, Singapore, Ratan Tata, All-Stars Investment, Shunwei, HOPU, & Yunfeng Capital",2010,Xiaomi Inc.,2.0,Xiaomi,"Centering the business around devoted fans, Xiaomi designs, manufactures, and distributes phones and other consumer electronics for the lower-mid market in Asia.",46.0,Only for fans
"San Francisco, CA",Garrett Camp & Travis Kalanick,"{'2009': '$200K', '2010': '$1.2M', '2011': '$11M', '2012': '$37M', '2013': '$258M', '2014': '$3B', '2015': '$4.9B'}","['Cars', 'Marketplace', 'Mobile', 'Unicorn']",10k+,"KPCB, New Enterprise Associates, Benchmark, GV, Fidelity, First Round, Goldman Sachs, Wellington Management, Foundation Capital, BlackRock, Google, TPG, Valiant Capital Partners, Summit Partners, Menlo Ventures, CrunchFund, Baidu, Founder Collective, Data Collective, Lowercase, Industry Ventures, Microsoft Ventures, Jeff Bezos, Techstars Ventures, Scott Banister, Mitch Kapor, Cyan Banister, Alfred Lin, Naval Ravikant, Jason Calacanis, Bobby Yazdani, Weathergage Capital, Babak Nivi, Tusk Ventures, Innovation Endeavors, Qatar, Travis Kalanick, Lone Pine, Garrett Camp, Oren Michels, Shawn Fanning, Times Internet, AITV, Sherpa Capital, Bennett Coleman & Co., Tata Group, Mike Walsh, Josh Spear, Structure Capital, GAC Group, & Bennett Coleman and Co Ltd",2009,Uber Technologies Inc.,1.0,Uber,"King of ride-hailing apps, Uber now struggles to change local regulations, prepare for autonomous cars, and develop a logistics systems for other industries.",62.5,Everyone's Private Driver
Shanghai,"Wei Deng, Yongjin Li, & Zheng Wu","{'2014': '$35M', '2015': '$270M'}","['Real Estate', 'Unicorn']",10k+,"GGV Capital, Temasek Holdings, Morningside Group, Hillhouse, Banyan, & Shunwei",2014,Aiwujiwu,,Aiwujiwu,"Sometimes referred to as an Airbnb of China, Aiwujiwu offers a marketplace for real estate and property rental.",1.0,
Hong Kong,Jack Xu,{'2012': '$200M'},"['Fashion', 'Unicorn']",100-500,LVMH,1999,Trendy Group International Holdings Limited,66.0,Trendy Group,"A high-end lifestyle and fashion retailer in China, Trendy now holds 2,000 stores for eight brands.",2.0,
Guarulhos,Roberto Souviron,"{'2012': 'Undisclosed', '2015': '$270M'}","['Travel', 'Unicorn']",100-500,General Atlantic & Expedia,199,"Decolar.com, Inc.",135.0,Decolar,"The largest online travel agency in Latin America, Decolar provides search and shopping options for flights, hotels, cruises, and vacation packages.",1.0,The best price for your trip
Xiamen,Wensheng Cai & Xinhong Wu,"{'2011': 'Undisclosed', '2014': '$360M'}","['Apps', 'Social Media', 'Mobile', 'Unicorn']",100-500,"Tiger Global, Qi Ming Venture, IDG Capital, Sina Weibo, Ceyuan, Foxconn, H Capital, China Asset Management, & Innovation Works",2008,"Xiamen Meitu Network Technology Co., Ltd",,Meitu,"Chinese developer Meitu creates popular photo apps with a range of specialized features, including a beauty retouch that slims or whitens.",2.0,
"New York, NY","Avery Wang, Philip Inghelbrecht, Chris Barton, & Dhiraj Mukherjee","{'2001': 'Undisclosed', '2004': 'Undisclosed', '2009': '$12.3M', '2011': '$32M', '2013': '$40M', '2014': '$23M', '2015': '$30M'}","['Media', 'Mobile', 'Unicorn']",100-500,"KPCB, IVP, DN Capital, Simon Murdoch, Sony Music, Acacia Capital, IDG Ventures, América Móvil, Azini, Arts Alliance, & Buran Venture Capital",2002,"Shazam, Inc.",161.0,Shazam,"Shazam's extremely popular app identifies a song in a few seconds, giving a user the opportunity to buy the song. By taking a referral fee, Shazam keeps the app free.",1.0,"Music Discovery, Charts & Song Lyrics"
"San Francisco, CA",Tracy Palandjian,"{'2011': '$4M', '2012': '$77M', '2013': '$41M', '2014': '$80M', '2015': '$200M'}","['Lending', 'FinTech', 'Unicorn']",50-100,"Wellington Management, Peter Thiel, Baseline, Thomvest, DCM, Discovery Capital, Innovation Endeavors, Third Point, Wicklow, The Bancorp, Renren, & SG VC",2011,"Social Finance, Inc.",26.0,Social Finance,"A P2P lender helping high-earners refinance student loans, Social Finance treats borrowers as members, applying interpersonal pressure to keep up with payments. The firm is moving into mortgages and personal loans.",4.0,Great Loans and Great Rates for Great People
"New York, NY",Erich Wasserman & Greg Williams,"{'2008': 'Undisclosed', '2009': '$15M', '2010': '$400K', '2011': '$14M', '2014': '$178.5M'}","['Advertising', 'Unicorn']",500-1k,"Silicon Valley Bank, QED Investors, European Founders Fund, Safeguard Scientifics, Observatory Capital, Catalyst, Spring Lake, SJF Ventures, HPVP, & Akamai",2007,"MediaMath, Inc.",116.0,MediaMath,An adtech company offering a demand side trading platform for cross-device online advertising.,1.0,
"Northbrook, IL",Dhiraj C. Rajaram,"{'2008': '$30M', '2011': '$133M', '2013': '$45M'}","['Analytics', 'Unicorn']",1k-5k,"Sequoia Capital, General Atlantic, MasterCard, & FTV Capital",2004,Mu Sigma Inc.,88.0,Mu Sigma,This analytic services company focuses on using applied mathematics to institutionalize data-driven decision-making for Fortune 500 clients.,1.5,Do the Math
"San Francisco, CA","Evan Cooke, John Wolthuis, & Jeff Lawson","{'2009': '$4.7M', '2010': '$12M', '2011': '$17M', '2013': '$70M', '2015': '$130M'}","['Software Development', 'Mobile', 'Unicorn']",500-1k,"DFJ, Bessemer, Founders Fund, SV Angel, Fidelity, T. Rowe Price, Redpoint, Salesforce Ventures, Union Square Ventures, K9, Altimeter Capital, Amazon, Chris Sacca, Lowercase, Jeff Fluhr, Techstars Ventures, FF Angel, Mitch Kapor, 500 Startups, Arrowpoint Partners, Joshua Schachter, Dave McClure, Manu Kumar, Infocomm Investments, & Kapor",2008,Twilio Inc.,167.0,Twilio,"Twilio provides tools for software developers to handle voice, SMS, and video communication. The API is free, charging per communication, depending on volume.",1.1,Build apps that communicate
London,Dan Wagner,"{'2013': '$76M', '2014': '$100.7M'}","['Payments', 'Mobile', 'Unicorn']",100-500,Wellington Management & Bay Pond,2007,Powa Technologies,48.0,Powa,"A UK-based payments company, Powa offers point of sale systems, mobile peripherals for credit card swipes, and back-end customer data tracking and analytics.",2.7,Commercial Freedom
"New York, NY",John Johnson & Jonah Peretti,"{'2008': '$3.5M', '2010': '$8M', '2012': '$15.5M', '2013': '$19.3M', '2014': '$50M', '2015': '$200M'}","['News', 'Media', 'Unicorn']",1k-5k,"Andreessen Horowitz, New Enterprise Associates, SV Angel, SoftBank, RRE Ventures, Lerer Hippeau Ventures, Hearst Ventures, Founder Collective, NBC Universal, Lerer Ventures, Ron Conway, Hearst Corporation, Ken Lerer, Kass Lazerow, Michael Lazerow, & John Johnson",2006,"BuzzFeed, Inc.",83.0,BuzzFeed,"A media site focused on viral stories and original reporting, BuzzFeed uses data science and social media to draw young audiences.",1.5,The Media Company for the Social Age
Beijing,Ke Wang,"{'2010': 'Undisclosed', '2011': '$12M', '2012': '$24M', '2014': '$350M'}","['Marketplace', 'E-Commerce', 'Unicorn']",100-500,"DST, Matrix, Tencent, Warburg Pincus, Vy Capital, Falcon Edge, Chengwei, Matrix China, Lei Jun, Tiger Fund, H Capital, & Jingwei Investments",2010,"Beijing Koudai Technology Co., Ltd.",87.0,Koudai Shopping,"Focused on Chinese mobile shopping, Koudai provides a marketplace that connects with popular messaging apps. Revenues come from fees for lead generation and a sales commission.",1.4,Intelligent Mobile Shopping
Hangzhou,Lianglun Zhang,"{'2014': '$24.3M', '2015': '$100M'}","['E-Commerce', 'Unicorn']",Unknown,"IDG Capital, Banyan, Capital Today, Mizhe.com, & New Horizon Capital",2011,BeiBei,130.0,BeiBei,"With the relax of China's one child policy, Beibei's e-commerce platform thrives by guaranteeing safety and authenticity of maternity products.",1.0,
Tel Aviv,"Omer Kaplan, Tomer Bar Zeev, Tamir Carmi, Tomer Bar Zeev, Itay Milrad, Arnon Harish, Roi Milrad, & Eyal Milrad","{'2014': '$85M', '2015': '$20M'}","['Software Development', 'Unicorn']",100-500,Access Industries & Saban Capital Group,2010,ironSource,86.0,ironSource,"Hailing from Israel's adware scene, ironSource provides state of the art installers, typically used by developers who include bundled programs. ",1.1,Connecting People and Apps
"Mountain View, CA","David Stavens, Mike Sokolsky, & Sebastian Thrun","{'2012': '$20M', '2014': '$35M', '2015': '$105M'}","['Education', 'Unicorn']",100-500,"Andreessen Horowitz, GV, Baillie Gifford, CRV, Bertelsmann, Recruit Holdings, Steve Blank, Valor Capital, George Zachary, Emerson Collective, Drive Capital, Cox Enterprises, & Peter Levine",2011,"Udacity, Inc.",,Udacity,"Beginning as a generalized massive online course provider, Udacity now specializes in technical education vetted, or designed, by tech companies.",1.0,Be in Demand for a Reason
Gurgaon,Pankaj Chaddah & Deepinder Goyal,"{'2010': '$1M', '2011': '$3.5M', '2012': '$2.3M', '2013': '37M', '2014': '$60M', '2015': '$110M'}","['Reviews', 'Food & Beverages', 'Local', 'Unicorn']",1k-5k,"Sequoia Capital, Temasek Holdings, Info Edge, Vy Capital, & Infoedge India",2008,Zomato Media Pvt Ltd.,173.0,Zomato,"Beginning as a site for restaurant menus and reviews, Zomato now offers restaurant discovery, ordering, reservations, payments, and tools for restauranteers.",1.0,Never have a bad meal
"Redwood City, CA",Stepan Pachikov & Phil Libin,"{'2006': '$6M', '2007': '$3M', '2009': '$16.5M', '2010': '$20M', '2011': '$50M', '2012': '$155M', '2013': 'Undisclosed', '2014': '$20M'}","['Productivity Software', 'Unicorn']",100-500,"Sequoia Capital, New Enterprise Associates, Meritech Capital, T. Rowe Price, Salesforce Ventures, Morgenthaler Ventures, Allen & Co., Glynn, Slow Ventures, CBC, Troika Dialog, Alexis Ohanian, Dave Morin, DoCoMo Capital, Canvas Venture, Kortschak Investments, Harbor Pacific, NTT DoCoMo Ventures, Nikkei Digital Media, AGC, m8 Capital, Eastlink, & Nikkei",2008,Evernote Corp.,107.0,Evernote,"Offering a freemium and enterprise version of its bookmarking and note-taking app, Evernote promises to augment human memory with digital tools.",1.0,Remember Everything.
Delhi,Kunal Bahl & Rohit Bansal,"{'2011': '$52M', '2013': '$125M', '2014': 'Undisclosed', '2015': '$500M'}","['Marketplace', 'E-Commerce', 'Unicorn']",5k-10k,"Accel, Tiger Global, Bessemer, SoftBank, Intel Capital, Temasek Holdings, Alibaba, Naspers, BlackRock, eBay, Nexus Venture Partners, PremjiInvest, Foxconn, Ratan Tata, Kalaari, Recruit Holdings, IndoUS, Myriad, Flipkart, Saama Capital, Ru-net, & Tybourne Capital",2010,Jasper Infotech Private Limited,22.0,Snapdeal,"Originally a daily deal website, snapdeal expanded to compete with Flipkart as the primary online marketplace of India, letting vendors sell through its market.",5.0,Find your dil ki deal
"Palo Alto, CA",Adi Tatarko & Alon Cohen,"{'2010': '$2M', '2011': '$11.6M', '2013': '$35M', '2014': '$165M'}","['Home', 'E-Commerce', 'Unicorn']",1k-5k,"Sequoia Capital, KPCB, New Enterprise Associates, GGV Capital, DST, T. Rowe Price, Comcast Ventures, David Sacks, Jeff Fluhr, Oren Zeev, Amos Wilnai, Gary Ginsberg, Don Katz, Canvas Venture, Oliver Jung, Paul Hsiao, Mike Chalfen, Oren Dobronsky, & Great Oaks",2009,Houzz Inc.,55.0,Houzz,"Centered around home improvement, Houzz lets architects and designers share their work for a fee, lets users browse home concepts for free, and charges for ads and referrals.",2.3,The new way to design your home
Beijing,Taoran Sun,"{'2008': '$25M', '2012': 'Undisclosed', '2007': 'Undisclosed'}","['Payments', 'Hardware', 'FinTech', 'Unicorn']",50-100,"Legend Capital, Fortune Venture, HIC, & Jade Capital",2005,"Lakala Payment Co., Ltd.",77.0,Lakala,"A Chinese payments company, Lakala provides point-of-sale systems, mobile credit card readers, utility bill payment services, and digital loyalty programs.",1.6,
Senningerberg,Rocket Internet & Kinnevik,{'2015': '$202M'},"['Fashion', 'E-Commerce', 'Unicorn']",10k+,"Investment AB, Rocket Internet, Tengelmann Ventures, Verlinvest, & Furthermore",2014,Global Fashion Group S.A.,31.0,Global Fashion Group,"Coming from Rocket Internet, this group cmbines several successful online fashion retailers in emerging markets including Russia, Brazil, Southeast Asia, India, and the Middle East.",3.5,Bringing Fashion Online
Zhuhai,Zhang Huang,"{'2014': '$300M', '2015': '$590M'}","['Hardware', 'Mobile', 'Unicorn']",100-500,Alibaba,2003,"Meizu Technology Co., Ltd.",,Meizu,"A Chinese smartphone maker, Meizu focuses on the mid- to low-end market, selling mostly to the young. It is one of the top 10 smartphone makers in China.",3.0,
"Palo Alto, CA",Ryan Finley,"{'2009': '$100K', '2010': '$100M', '2013': '$800M', '2014': '$250M'}","['Marketing', 'Analytics', 'Unicorn']",500-1k,"Tiger Global, Iconiq Capital, T. Rowe Price, Salesforce Ventures, Baillie Gifford, Google Capital, JP Morgan, Morgan Stanley, Bain, David Sacks, Social Capital, Social+Capital, SunTrust, Spectrum, BofA, Merrill Lynch, & Laurel Crown Partners",1999,SurveyMonkey Inc.,65.0,SurveyMonkey,"King of online surveys, SurveyMonkey provides freemium questionnaire and survey software.",2.0,The best decisions start here
"Provo, UT","Ryan Smith, Stuart Orgill, & Jared Smith","{'2012': '$70M', '2014': '$150M'}","['Marketing', 'Analytics', 'Unicorn']",500-1k,"Sequoia Capital, Accel, & Insight Venture",2002,"Qualtrics, LLC",155.0,Qualtrics,"Qualtrics captures customer feedback, amasses it as usable data, and helps business and institutions analyze the results.",1.0,Research & Insights Platform
Stockholm,Daniel Ek & Martin Lorentzon,"{'2008': '$21.6M', '2009': '$50M', '2010': '€11.6M', '2011': '$100M', '2012': 'Undisclosed', '2013': '$250M', '2014': 'Undisclosed', '2015': '$526M'}","['Media', 'Unicorn']",1k-5k,"Accel, KPCB, Founders Fund, DST, Fidelity, Goldman Sachs, Baillie Gifford, Norwest Venture, TCV, GSV, blisce/, Alexandre Mars, 137 Ventures, Northzone, Fidelity Ventures, AFSquare, Li Ka-shing, Wellington Partners, Horizons Ventures, Lakestar, Sean Parker, Gentry Venture Partners, Creandum, Discovery Capital, Coca-Cola, D.E. Shaw & Co., Groupe Arnault, P. Schoenfeld, Abu Dhabi, Asset Management Partners, Teliasonera, Rinkelberg Capital, & Senvest Capital",2006,Spotify Ltd.,15.0,Spotify,"King of music streaming internationally, Spotify's freemium service gives users access to a huge catalog of music, passing a cut of revenues to labels and publishers.",8.5,"All the music, all the time."
"Provo, UT","Rob Christensen, Ken Krogue, & David Elkington","{'2012': '$4M', '2013': '$35M', '2014': '$100M', '2015': '$60M'}","['Sales', 'Productivity Software', 'Enterprise Software', 'Unicorn']",500-1k,"KPCB, Salesforce Ventures, HWVP, Polaris Partners, USVP, Microsoft Ventures, Zetta Venture, US Venture Partners, EPIC Ventures, Microsoft, Josh James, Microsoft Strategic, & Acadia Woods",2004,InsideSales.com Inc.,85.0,InsideSales,"The firm's popular sales productivity software collects data on what works in sales, which InsideSales then uses to improve the software and improve sales results.",1.5,
Tübingen,Ingmar Hoerr,"{'2010': '€27.6M', '2015': '$162M', '2012': '€80M', '2006': '€22M', '2007': '€34.9M'}","['Pharmaceuticals', 'Biotech', 'Health', 'Unicorn']",100-500,"Baillie Gifford, Dievini, Gates Foundation, Sigma Group, Coppel Family, OH Beteiligungen, DH Capital, NorthView Ventures, Chartwave, & Dietmar Hopp",2000,CureVac,,CureVac,"Messenger RNA (mRNA )is ubiquitous in the human body, carrying signals that control biological processes in tissues and cells. CureVac  uses mRNA for treatments and immunizations.",1.0,mRNA for Medical
"Los Angeles, CA",Evan Spiegel & Bobby Murphy,"{'2012': '$500K', '2013': '$162.5M', '2014': '$485M', '2015': '$537.6M'}","['Messaging', 'Social Media', 'Mobile', 'Unicorn']",500-1k,"KPCB, Lightspeed, Benchmark, SV Angel, General Catalyst, Fidelity, IVP, Alibaba, Tencent, Coatue, August Capital, GIC, Singapore, Glade Brook, Kingdom Holding, HDS, York Capital Management, & Yahoo!",2011,"Snapchat, Inc.",6.0,Snapchat,"Snapchat's photo and video messaging app with self-destructing messages became a hit with young people, leading the firm into payments and media.",16.0,
"Fort Mill, SC","Ric Elias, Dan Feldstein, & Mark Brodsky","{'2010': 'Undisclosed', '2011': 'Undisclosed', '2015': '$250M'}","['Marketing', 'Advertising', 'Unicorn']",1k-5k,"General Atlantic, QED Investors, & Silver Lake Partners",2000,"Red Ventures, LLC",,Red Ventures,"A well-established marketing firm with an emphasis on analytics and SEO, Red Ventures gets customers on behalf of a client and delivers them transaction-ready.",1.0,Customer Acquisition Marketing
"San Francisco, CA",Alexander Asseily & Hosain Rahman,"{'2006': '$800K', '2007': '$5M', '2008': '$30M', '2011': '$159M', '2012': '$64M', '2013': '$113M', '2014': 'Undisclosed', '2015': '$300M'}","['Internet of Things', 'Hardware', 'Health', 'Unicorn']",100-500,"Sequoia Capital, Andreessen Horowitz, KPCB, Khosla, SV Angel, BlackRock, JP Morgan, Kindred Partners, Silver Lake Partners, Deutsche Telekom, Yuri Milner, Mayfield Fund, SharesPost, Atomico, Weathergage Capital, Fortress Investment, Wing Venture Capital, Rizvi Traverse Management, DoubleRock, & Wells Fargo",1999,"AliphCom, Inc.",32.0,Jawbone,"Starting with a mobile headset for military combat, Jawbone has shifted into consumer wearable technologies, focusing now on minimalist fitness trackers, headsets, and speakers.",1.5,
"New York, NY","Nigel Eccles, Tom Griffiths, & Lesley Eccles","{'2007': 'Undisclosed', '2009': '$1.2M', '2011': '$4M', '2013': '$11M', '2014': '$70M', '2015': '$275M'}","['Sports', 'Gaming', 'Unicorn']",100-500,"Google Capital, Comcast Ventures, Pentech Ventures, KKR, blisce/, Alexandre Mars, Piton Capital, Bullpen, NBC Universal, Scottish Investment Bank, Fabrice Grinda, Shamrock Capital, NBC Sports Ventures, Simon Murdoch, Tusk Ventures, HDS, Karlani, FundersGuild, & Time Warner Investments",2009,"FanDuel, Inc.",97.0,FanDuel,"One of the earliest fantasy sports sites, FanDuel benefited from a 2006 US law banning most competing forms of online gambling.",1.0,
"Santa Clara, CA","Daniel Collins, Jahangir Mohammed, & Amit Gupta","{'2005': '$7.5M', '2006': '$20.6M', '2007': '$31.6M', '2008': '$25M', '2012': '$91.2M', '2014': '$50M'}","['Internet of Things', 'Software Development', 'Cloud', 'Unicorn']",100-500,"Sequoia Capital, Benchmark, Temasek Holdings, DAG, ABG, Bench, Wing Venture Capital, Integral Capital, RSTP, SingTel Innov8, Crescendo, & Bridgescale Partners",2004,"Jasper Technologies, Inc.",95.0,Jasper,"Jasper handles wireless connections, cell carriers, and billing for connected devices. It is a platform for the Internet of Things.",1.4,The ON Switch for the Internet of Things
"Irvine, CA",Min-Liang Tan & Robert Krakoff,"{'2011': '$50M', '2014': 'Undisclosed'}","['Hardware', 'Gaming', 'Unicorn']",100-500,"Accel, Intel Capital, IDG Capital, & IDG-Accel China",1998,Razer Inc.,157.0,Razer,"Beginning with a mouse optimized for gaming, Razer now designs and produces a range of hardware and software accessories for gaming including consoles, messaging, and wearables.",1.0,For Gamers. By Gamers.
"San Francisco, CA",Kenneth Lin,"{'2008': '$500K', '2009': '$2.5M', '2013': '$30M', '2014': '$160M'}","['FinTech', 'Unicorn']",100-500,"Tiger Global, Founders Fund, SV Angel, Google Capital, QED Investors, Felicis Ventures, Ribbit Capital, Susquehanna, Ctrip, FF Angel, Viking Global, 500 Startups, Aydin Senkut, Flipkart, MakeMyTrip, Facebook, SurveyMonkey, LinkedIn, & Valinor Management",2007,"Credit Karma, Inc.",30.0,Credit Karma,"For the consumer, Credit Karma offers free credit checks with no hidden fees. For lenders, such as new P2P lending firms, Credit Karma generates borrower leads.",3.5,
"Palo Alto, CA",Elizabeth Holmes,"{'2014': 'Undisclosed', '2010': '$45M', '2004': '$8.9M', '2005': '$5.8M', '2006': '$37.6M'}","['Biotech', 'Unicorn']",100-500,"DFJ, ATA Ventures, Tako Ventures, Continental Ventures, & Larry Ellison Trust",2003,Theranos Inc.,14.0,Theranos,"Theranos promises technology allowing smaller blood draws for medical tests, making bloodwork easier, faster, and cheaper.",9.0,one tiny drop changes everything
"San Francisco, CA","Naveen Tewari, Amit Gupta, Abhay Singhal, & Mohit Saxena","{'2007': '$500K', '2008': '$7.1M', '2010': '$8M', '2011': '$200M', '2014': '$5M', '2015': '$100M'}","['Advertising', 'Mobile', 'Unicorn']",1k-5k,"KPCB, SoftBank, Polaris Partners, Sherpalo, Mumbai Angels, Tennenbaum, Lightbox, & Blume",2007,"InMobi, Inc",50.0,InMobi,"InMobi is a large advertising network for mobile, based in India, with a focus on optimizing marketing analytics.",2.0,Mobile Discovery Commerce
"San Jose, CA",Jay Chaudhry,"{'2012': '$38M', '2015': '$110M'}","['Security', 'Cloud', 'Unicorn']",500-1k,"Lightspeed, Google Capital, TPG, & EMC",2008,"Zscaler, Inc.",174.0,Zscaler,"A cloud-based information security firm, Zscaler offers a range of security products for enterprise.",1.0,Security as a Service
"San Francisco, CA",Peter Szulczewski & Danny Zhang,"{'2011': '$1.7M', '2012': '$8M', '2013': '$19M', '2014': '$50M', '2015': '$500M'}","['Marketplace', 'Mobile', 'E-Commerce', 'Unicorn']",100-500,"Founders Fund, GGV Capital, DST, Formation 8, CRV, Keith Rabois, Felicis Ventures, AME Cloud, Elad Gil, AFSquare, Fritz Lanman, Jerry Yang, Naval Ravikant, Legend Capital, Hank Vigil, Aydin Senkut, Jared Leto, Joe Lonsdale, Digital Garage, Bill Tai, Transmedia, Raymond Tonsing, Steve Chen, Brian Koo, Nils Johnson, Michael Stoppelman, TenOneTen Ventures, Paul Bricault, Sizhao Yang, Andy Rankin, Cherubic, & Paige Craig",2011,ContextLogic Inc.,45.0,Wish,"Wish lets online shoppers buy fun things at low prices. Behind the scenes, these items ship from Chinese vendors with Wish providing only the marketplace and customer experience.",3.0,Shopping Made Fun
"Redwood City, CA","Andrew Thompson, George Savage, Mark Zdeblick, Patrick McQuown, Timothy Shey, Mark J. Zdeblick, George M. Savage, & Andrew M. Thompson","{'2001': 'Undisclosed', '2003': 'Undisclosed', '2004': '$6.3M', '2006': 'Undisclosed', '2008': 'Undisclosed', '2009': '$25.4M', '2012': '$17.5M', '2013': '$62.5M', '2014': '$172M'}","['Pharmaceuticals', 'Biotech', 'Health', 'Unicorn']",100-500,"Silicon Valley Bank, AMV, Oxford Finance, Adams Street, Oracle, Novartis, Yuan Capital, Fletcher Spaght Ventures, Kaiser Permanente Ventures, Spring Ridge Ventures, The Carlyle Group, & Terra Lycos",2001,"Proteus Digital Health, Inc.",118.0,Proteus,"Despite doctor's advice, many patients do not take their pills as they should. By putting an ingestible microchip in drugs, Proteus helps record who takes what when.",1.1,
Herzliya,Moshe Yanai,"{'2013': '$80M', '2015': '$150M'}","['Storage', 'Unicorn']",100-500,TPG,2009,Infinidat Inc.,108.0,Infinidat,"Infinidat provides extremely efficient, high-capacity, high-performance digital storage at a reasonable cost.",1.2,
"Dania, FL",Rony Abovitz,{'2014': '$592M'},"['Virtual Reality', 'Gaming', 'Unicorn']",100-500,"Andreessen Horowitz, KPCB, Qualcomm Ventures, Google, Obvious Ventures, & Legendary Entertainment",2011,"Magic Leap, Inc.",62.0,Magic Leap,Magic Leap plans to deliver an augmented reality headset that projects images onto users' eyes on top of what they would see otherwise. The company has no product yet.,4.5,
Shanghai,"Jack Ma, Pony Ma, & & Ma Mingzhe",{'2015': '$931.3M'},"['Insurance', 'Unicorn']",1k-5k,"Morgan Stanley, CDH, & CICC",2011,"Zhong An Online P&C Insurance Co., Ltd.",17.0,Zhong An,"China’s first online-only property and casualty insurance provider, Zhong An focuses on big data and automated solutions for insurance. Created by Alibaba, Tencent, and Ping An.",8.0,
Bangalore,Sachin Bansal & Binny Bansal,"{'2009': '$1M', '2010': '$10M', '2011': '$20M', '2012': '$150M', '2013': '$360M', '2014': '$1.2B', '2015': '$700M'}","['E-Commerce', 'Unicorn']",10k+,"Accel, Tiger Global, Iconiq Capital, DST, T. Rowe Price, Baillie Gifford, Naspers, Morgan Stanley, Dragoneer, GIC, Steadview Capital, Singapore, Greenoaks, Sofina, Vulcan, Singapore GIC, & Qatar",2007,Flipkart Online Services Pvt. Ltd.,8.0,Flipkart,Amazon for India. India’s dominant online shopping destination for 20 million products across 70+ categories with 5 million shipments per month.,15.0,Every wish fulfilled!
Singapore,"Oliver Samwer, Marc Samwer, Alexander Samwer, Stefan Bruun, & Michael Mitterlehner","{'2012': '$66M', '2013': '$370M', '2014': '$250M'}","['Marketplace', 'E-Commerce', 'Unicorn']",1k-5k,"Temasek Holdings, Investment AB, Rocket Internet, JP Morgan, Summit Partners, Holtzbrinck Ventures, Tengelmann Ventures, Verlinvest, Access Industries, & Tesco",2012,Lazada Group,98.0,Lazada,"An Amazon of Southeast Asia, Lazada takes most orders from mobile, accepts cash-on-delivery payments, and offers free returns.",1.2,Online Shopping in Philippines
Beijing,Charles Zhengyao Lu,{'2015': '$675M'},"['Cars', 'Marketplace', 'Mobile', 'Unicorn']",Unknown,"Warburg Pincus, Legend Capital, & Car Inc.",2014,UCAR Technology Inc,,UCar,Ucar is a mobile-app based chauffeured car service firm originating from one of China's top car rental companies.,3.4,
"Sunnyvale, CA",K.R. Sridhar,"{'2008': '$450M', '2011': '$150M', '2012': '$250M', '2013': '$130M', '2015': '$130M'}","['Energy', 'Unicorn']",500-1k,"KPCB, New Enterprise Associates, Goldman Sachs, DAG, GSV, ARTIS, Northgate Capital, WTI, Kindred Partners, Credit Suisse, Apex, AEI, Gentry Venture Partners, Mobius, & Sunbridge Partners",2001,Bloom Energy Corporation,37.0,Bloom Energy,"Bloom's Energy Server converts natural gas to electricity without burning, offering lower rates on greener electricity to energy-intensive businesses.",2.9,"Clean, Renewable Energy"
"New York, NY","Jesse Middleton, Adam Neumann, & Miguel McKelvey","{'2012': '$23.8M', '2013': '$40M', '2014': '$505M', '2015': '$434M'}","['Real Estate', 'Unicorn']",500-1k,"Benchmark, Fidelity, Goldman Sachs, T. Rowe Price, DAG, Wellington Management, JP Morgan, Harvard Management, Aleph, & Mort Zuckerman",2010,WeWork Cos Inc,13.0,WeWork,WeWork’s shared office space for startups and small businesses are expensive per square foot but include services and valuable networking opportunities.,10.0,Platform for Creators
"San Francisco, CA",Todd McKinnon & Frederic Kerrest,"{'2009': '$1.5M', '2010': '$10M', '2011': '$16.5M', '2012': '$25M', '2013': '$27M', '2014': '$75M', '2015': '$75M'}","['Security', 'Enterprise Software', 'Unicorn']",500-1k,"Sequoia Capital, Andreessen Horowitz, Greylock, Khosla, SV Angel, Floodgate, Altimeter Capital, Glynn, Maynard Webb, Janus, Stephen Marcus, Jacques & Sandra Kerrest, Avid Larizadeh, Dharmesh Shah, Tom Berson, Edward Roberts, Ed Roberts, & Webb Investment",2009,"Okta, Inc.",,Okta,"Okta provides logins and gateways for employees to access  cloud applications, allowing better security and control for enterprise cloud software.",1.2,Always On
"Austin, TX",Michael A. Liberty,"{'2011': 'Undisclosed', '2012': '$18.7M', '2014': '$288.5M'}","['Payments', 'Mobile', 'Unicorn']",100-500,"Tiger Global, Wellington Management, TomorrowVentures, MasterCard, Sheikh Nahyan, & Tiger Management",2008,"Mozido, LLC",,Mozido,Mozido's mobile commerce and payment solutions allow transactions outside of banks. Also supports rewards and deals.,2.4,Mobilizing a Better Future
"San Francisco, CA",Drew Houston & Arash Ferdowsi,"{'2008': '$6M', '2011': '$250M', '2014': '$850M', '2007': '$1.2M'}","['Storage', 'Cloud', 'Unicorn']",1k-5k,"Sequoia Capital, Accel, Greylock, Benchmark, Index, IVP, Goldman Sachs, T. Rowe Price, BlackRock, JP Morgan, Y Combinator, Morgan Stanley, Valiant Capital Partners, Glynn, Slow Ventures, Hadi Partovi, AFSquare, Ali Partovi, Blackstone, Bobby Yazdani, Innovation Department, RIT Capital Partners, ESO Fund, Amidzad Partners, Bono, & The Edge",2007,"Dropbox, Inc.",11.0,Dropbox,"DropBox is a well-recognized first-mover in cloud storage. Now competing with industry heavyweights, DropBox has been introducing new tools and services from photo-sharing to security.",10.0,A home for life
"San Francisco, CA","Sander Daniels, Marco Zappacosta, Jonathan Swanson, & Jeremy Tunnell","{'2010': '$1.2M', '2012': '$4.5M', '2013': '$12.5M', '2014': '$130M', '2015': '$125M'}","['Human Resources', 'Marketplace', 'Unicorn']",500-1k,"Sequoia Capital, Tiger Global, Baillie Gifford, Google Capital, Javelin, Hadi Partovi, Scott Banister, Ali Partovi, Cyan Banister, Naval Ravikant, Jason Calacanis, Joshua Schachter, MHS Capital, Ariel Poler, Auren Hoffman, Mark Britto, Denis Grosz, Jim Lanzone, Draper Associates, Mark Goines, Yan-David Erlich, & Tim Draper",2009,"Thumbtack, Inc.",,Thumbtack,Users explain a project that they need done and Thumbtack provides a list of local professionals who can do it.,1.3,Accomplish your personal projects
Dubai,Ronaldo Mouchawar,"{'2012': 'Undisclosed', '2014': '$75M'}","['Marketplace', 'E-Commerce', 'Unicorn']",1k-5k,"Tiger Global, Naspers, MENA Venture, & MENA",2005,Souq.com,,Souq.com,"The largest e-commerce site in the Middle East, spanning multiple payment and delivery methods in several countries.",1.0,
"San Francisco, CA",John Witchel & Chris Larsen,"{'2005': '$7.5M', '2006': '$12.5M', '2007': '$20M', '2009': '$1M', '2010': '$16.7M', '2011': '$17M', '2013': '$45M', '2014': '$70M', '2015': '$165M'}","['Lending', 'FinTech', 'Unicorn']",100-500,"Sequoia Capital, Accel, Benchmark, DFJ, IVP, Meritech Capital, DAG, BlackRock, JP Morgan, QED Investors, Crosslink Capital, Omidyar Network, Phenomen Ventures, Fidelity Ventures, TomorrowVentures, Passport Capital, Credit Suisse, Volition Capital, BBVA, SunTrust, Blackstone, Breyer, Francisco Partners, Target Global, NEXT Investors, CompuCredit, Neuberger Berman, & Eric Schmidt",2006,"Prosper Marketplace, Inc.",67.0,Prosper Marketplace,"An early mover in P2P lending, Prosper lost ground over a 2008 regulatory change but has now been expanding into novel territory such as surgery loans and community bank lenders.",1.9,Let's Bank on Each Other
"San Francisco, CA","Jose Pino, Stewart Butterfield, Cal Henderson, Eric Costello, & Serguei Mourachov","{'2009': '$1.5M', '2010': '$5M', '2011': '$10.7M', '2014': '$162.8M', '2015': '$160M'}","['Messaging', 'Enterprise Software', 'Unicorn']",100-500,"Accel, Andreessen Horowitz, KPCB, SV Angel, Index, GV, DST, IVP, Spark Capital, Slow Ventures, Social Capital, Marc Andreessen, Jeff Weiner, Social+Capital, Horizons Ventures, Rob Solomon, Groupe Arnault, & Bradley Horowitz",2009,"Slack Technologies, Inc.",47.0,Slack,"Slack's messaging suite is the fastest growing B2B application ever, offering a smooth and friendly alternative to the mess of office communication.",2.8,Be less busy
"Seattle, WA","Harlan Robins, Christopher Carlson, & Chad Robins","{'2013': '$2.5M', '2014': '$110M', '2015': '$289M'}","['Biotech', 'Health', 'Unicorn']",100-500,"Tiger Global, Matrix, Viking Global, Casdin Capital, Senator Investment, Rock Springs Capital, Tiger Management, & Alexandria Real Estate",2009,Adaptive Biotechnologies Corporation,,Adaptive Biotechnologies,Adaptive's diagnostics check who can benefit from immuno-oncology treatments that enlist the immune system against cancer.,1.0,
Beijing,Beijing Weiying Technology,{'2015': '¥1.5B'},"['Tickets', 'Unicorn']",Unknown,"Tencent, Chinese Anci, Southern Capital, CITICS Prosperity, New Hope Group, & WANDA Group",2014,"Beijing Weiying Technology Co. Ltd.,",,WePiao,"An online movie ticket sales app based on China's popular WeChat, WePiao also lets users buy concessions and select seats at theaters.",1.6,
Beijing,Hongfeng Hao,"{'2011': 'Undisclosed', '2012': '$32M', '2013': 'Undisclosed', '2014': '$117.5M', '2015': '$80M'}","['Food & Beverages', 'E-Commerce', 'Unicorn']",100-500,"Sequoia Capital, China Merchants Bank, Shanghai Pudong, China Minsheng Bank, & Richland Capital",2010,Beijing Jiuxian Ecommerce,,Jiuxian,"China's top online wine and beer retailer, Jiuxian imports, warehouses, and distributes beer, liquor, and, mostly, authentic red wine.",1.0,
Amsterdam,Pieter Does,"{'2011': '$16M', '2014': '$250M', '2015': 'Undisclosed'}","['Payments', 'FinTech', 'Unicorn']",100-500,"Index, Iconiq Capital, General Atlantic, Temasek Holdings, & Felicis Ventures",2006,Adyen Global Payments,54.0,Adyen,"A global payments company, adyen works with a wide range of payment systems to help merchants accept payments. The firm also provides risk-management and analytics to merchants.",2.3,Wherever People Pay
Beijing,Cheng Wei,"{'2012': '$3M', '2013': '$15M', '2014': '$800M', '2015': '$3.6B'}","['Cars', 'Marketplace', 'Mobile', 'Unicorn']",1k-5k,"Tiger Global, SoftBank, GGV Capital, DST, Temasek Holdings, Alibaba, Tencent, Coatue, GSR Ventures, Hillhouse, CITIC, Tencent Win-Win Fund, CIC, Ping An, & Capital Int'l Private",2012,Didi Chuxing,5.0,Didi Chuxing,"A merger of China’s top two taxi hailing companies, Didi Chuxing focuses on taxis rather than private cars and allows extra tips for faster service.",15.0,
"El Segundo, CA",Adam Goldenberg & Don Resler,"{'2011': '$33M', '2012': '$76M', '2013': '$55M', '2014': '$85M'}","['Fashion', 'E-Commerce', 'Unicorn']",100-500,"Matrix, TCV, Shining Capital, Passport Capital, Intelligent Beauty, Rho Capital, Rho Ventures, KEC Ventures, Trinity Capital, Crosscut Ventures, & 3x5 Special",2010,JustFab Inc.,144.0,JustFab,JustFab sends personalized recommendations to subscribers. It designs and manufactures many of its items and is also known for celebrity models.,1.0,
"South San Francisco, CA",Brian Slingerland & Scott J. Dylla,"{'2011': '$23.5M', '2014': '$200M', '2015': '$250M'}","['Pharmaceuticals', 'Biotech', 'Health', 'Unicorn']",100-500,"Founders Fund, Fidelity, Silicon Valley Bank, ARTIS, WTI, Capital Group, The Capital Group, Stuart Peterson, & James Hong",2008,"Stem CentRx, Inc",,StemCentRx,"The firm is developing therapies and diagnostics for cancer that focus on killing cancer stem cells, the difficult-to-destroy creators of many cancers.",5.0,
Shanghai,Zane Wang,"{'2015': '$35M', '2007': '$21M'}","['Lending', 'Marketplace', 'Unicorn']",1k - 5k,"QED Investors, Broadline, DLB, & Northwater Capital",2001,China Rapid Finance,132.0,China Rapid Finance,"A P2P lender sidestepping the bank system, the lends to China's growing middle class and the many workers who have no bank credit.",1.0,
"Hawthorne, CA",Elon Musk,"{'2008': '$20M', '2009': '$30.4M', '2010': '$50M', '2012': '$30M', '2006': '$100M'}","['Space', 'Unicorn']",1k-5k,"DFJ, Founders Fund, Fidelity, Google, David Sacks, 137 Ventures, Scott Banister, Elon Musk, , Weathergage Capital, Valor Equity, Rothenberg Ventures, Musket Research Associates, Bill Lee, & Capricorn",2002,Space Exploration Technologies Corp.,9.0,SpaceX,"SpaceX designs, manufactures, and launches advanced rockets, spacecraft, and satellites.",12.0,Occupy Mars
"Sunnyvale, CA",PJ Kirner & Andrew Rubin,"{'2013': '$42.5M', '2015': '$100M'}","['Security', 'Cloud', 'Unicorn']",100-500,"Accel, Andreessen Horowitz, General Catalyst, BlackRock, Formation 8, AME Cloud, Data Collective, Marc Benioff, Harmony Partners, Valor Capital, Juniper Networks, John Thompson, & Kyle Widrick",2013,Illumio Inc.,141.0,Illumio,"Illumio secures cloud computing by encrypting and controlling all parts of a company's data at every point, focusing on data and processes rather than physical machines.",1.0,Adaptive security for every computing environment
